id,K,topic,topic_category,title_gemini,Interaction,CCF_Lead,CCF_Max_Corr,p_E_to_R,p_R_to_E,Granger_Lag,Keywords,K_clean,topic_clean,Representative_Articles
1.0,20,1,1. 読者コミュニティ・流通 (売買/募集/ペンパル) 🤝,読者のお宝譲渡・売買,No Interaction,Rが11ヶ月先行,-0.400712,0.28342,0.825054,1.0,"譲る, 必着, 招待, ダビング, 売る, 明記, ハガキ, 〆切, 新品, 応募, 売却, 交換, 東京公演, テープ, 往復",20.0,1.0,"(1) [Th: 95.7%] [ADLIB 1981/5] ...ます。とにかく連絡を下さい。 [個人情報] [個人情報]
(2) [Th: 94.6%] [ADLIB 1981/4] ●シーウインドのコンサートにご招待 3月に待望の来日を果すシーウインド...
(3) [Th: 94.5%] [ADLIB 1981/6] ●コンサート招待 ウェザー・リポートのコンサートにご招待 昨年にひき続...
(4) [Th: 94.4%] [ADLIB 1981/10] ...必ずお礼させていただきます。 [個人情報]
(5) [Th: 93.9%] [ADLIB 1981/11] ...¥18,000で。送料当方で [個人情報]
(6) [Th: 93.7%] [ADLIB 1981/7] ...グ希望(NHKのFM)です。 [個人情報]
(7) [Th: 93.4%] [ADLIB 1981/4] ●スタッフのコンサートにご招待 昨年にひきつづき来日するスタッフのコン...
(8) [Th: 93.3%] [ADLIB 1981/5] ●ザ・ブラザーズ・ジョンソンのコンサートにご招待 5月に3度目の来日を..."
2.0,20,2,4. 雑誌編集・ファン心理・特典グッズ 🎁,熱狂ファンが動かす音楽誌,Bottom-Up (R→E),Eが1ヶ月先行,-0.479505,0.395253,0.00292761,1.0,"雑誌, 記事, 読む, ほしい, 狂う, 知識, 興味, ソウル・ファン, 載せる, アドリブ, 参考, ソウル・ミュージック, 欲しい, 音楽雑誌, 内容",20.0,2.0,"(1) [Th: 96.4%] [ADLIB 1978/1] ...んいたらな･･･と思います。 [個人情報]
(2) [Th: 95.9%] [ADLIB 1976/7] ...た。ありがとう八木カナさん。 [個人情報]
(3) [Th: 95.7%] [ADLIB 1977/4] ...バーのことを知りたいのです。 [個人情報]
(4) [Th: 95.2%] [ADLIB 1976/7] ...レディングに育ちますように、 [個人情報]
(5) [Th: 95.2%] [ADLIB 1976/7] ...こと良くわかって欲しいなア。 [個人情報]
(6) [Th: 95.1%] [ADLIB 1976/4] ...せんか？あー、おどりたい!! [個人情報]
(7) [Th: 95.0%] [ADLIB 1979/7] ...リブ""の読者なのですから!! [個人情報]
(8) [Th: 94.6%] [ADLIB 1977/4] ...毎回買いたいと決心しました。 [個人情報]"
3.0,20,3,7. 来日ミュージシャン・人間探訪 🇯🇵,来日スターの親密な裏話,No Interaction,Rが11ヶ月先行,-0.35728,0.998074,0.187832,1.0,"パーソン, ホテル, 二人, ショー, 会う, 通訳, keiko, 慶子, 肥田, 会える, チャック, 連れる, 静か, 遊び, 幸せ",20.0,3.0,"(1) [Th: 97.9%] [ADLIB 1980/9] KEIKOのパーソンtoパーソン ●4●リタ・クーリッジの巻 私がリタ...
(2) [Th: 97.0%] [ADLIB 1980/7] KEIKOのパーソンtoパーソン ●2●トミー・ショー/スティックスの...
(3) [Th: 95.4%] [ADLIB 1980/3] クルセイダーズはお寿司がお好き!? ●クルセイダース来日中の裏話 来日...
(4) [Th: 95.0%] [ADLIB 1981/12] KEIKOのパーソンtoパーソン ●19●ジム・ホールの巻 あのジム・...
(5) [Th: 93.9%] [ADLIB 1981/2] KEIKOのパーソンtoパーソン ●9●ピーター・アレンの巻 今年11...
(6) [Th: 93.8%] [ADLIB 1981/6] KEIKOのパーソンtoパーソン ⚫︎13⚫︎ビリー&ビーターズの巻 ...
(7) [Th: 93.8%] [ADLIB 1982/1] ●またもや今年もこんな時期になってしまった。毎月毎月仕事に追われまくり...
(8) [Th: 91.9%] [ADLIB 1981/10] KEIKOのパーソンtoパーソン ●17●ランディ・クロフォードの巻 ..."
4.0,20,4,1. 読者コミュニティ・流通 (売買/募集/ペンパル) 🤝,熱中！洋楽ファンクラブ,No Interaction,Rが10ヶ月先行,-0.486173,0.519456,0.186722,1.0,"入会, ファン・クラブ, 切手, 発足, 同封, スリー・ディグリーズ, クラブ, 宛先, アスペクト・イン・クロスオーバー, シャイ・ライツ, 会員, タバレス, 下記, 返事, 出演者",20.0,4.0,"(1) [Th: 96.7%] [ADLIB 1978/7] ●ラスベガスのダイアナ・ロス見聞記● 4月22日、深夜ラスベガス、シー...
(2) [Th: 96.3%] [ADLIB 1981/4] 僕のN.Y.なんでも見聞記 ●N.Y.の音楽ガイド 今回はリラックスし...
(3) [Th: 96.2%] [ADLIB 1977/1] ...とでしょう......。」と [個人情報]
(4) [Th: 95.4%] [ADLIB 1978/4] ●アスペクト・イン・クロスオーバーからのお知らせ みなさんお元気ですか...
(5) [Th: 95.4%] [ADLIB 1978/4] ●アスペクト・イン・クロスオーバーからのお知らせ みなさんお元気ですか...
(6) [Th: 95.4%] [ADLIB 1976/7] ...の宛先までお申し込み下さい。 [個人情報] ビクター音楽産業内ハウス・オブ・テンプテーションズ係。
(7) [Th: 95.1%] [ADLIB 1976/7] ...の入会方法も教えてください。 [個人情報] ○まずファン・レターの宛先ですが、H&L Record C...
(8) [Th: 92.6%] [ADLIB 1977/7] ...宛先までお申し込みください。 [個人情報]"
5.0,20,5,3. 奏法・技術・オーディオ・機材 🎧,フュージョン新時代とオーディオ,No Interaction,Rが2ヶ月先行,0.397444,0.442118,0.0685956,1.0,"試聴, audio, パイオニア, 向井滋春, 自ら, 山岸潤史, 松岡直也, 新製品, カセット・デッキ, コーティンザクション, 推薦, 本多俊之, マライア, 渡辺, around",20.0,5.0,"(1) [Th: 97.4%] [ADLIB 1981/4] インタビュー/リポート/ストーリー FROM AROUND THE W...
(2) [Th: 96.8%] [ADLIB 1981/7] インタビュー/リポート/ストーリー FROM AROUND THE W...
(3) [Th: 96.7%] [ADLIB 1980/7] インタビュー/リポート/ストーリー FROM AROUND THE W...
(4) [Th: 96.6%] [ADLIB 1981/1] インタビュー/リポート/ストーリー FROM AROUND THE W...
(5) [Th: 96.3%] [ADLIB 1980/8] インタビュー/リポート/ストーリー FROM AROUND THE W...
(6) [Th: 96.2%] [ADLIB 1981/10] インタビュー／リポート／ストーリー FROM AROUND THE W...
(7) [Th: 95.9%] [ADLIB 1981/2] AUDIO SPECIAL 人気ミュージシャンが自分の「新作」で「噂の...
(8) [Th: 95.8%] [ADLIB 1980/9] インタビュー/リポート/ストーリー FROM AROUND THE W..."
6.0,20,6,4. 雑誌編集・ファン心理・特典グッズ 🎁,音楽誌の豪華特典と新譜,No Interaction,同時/なし,0.386233,0.528849,0.276205,2.0,"ステッカー, プレゼント, wp, badge, 製作, 特別, 制作, カラー・ポスター, 日本フォノグラム, 記念, epic, シャツ, vc, サイズ, 日本コロムビア",20.0,6.0,"(1) [Th: 98.9%] [ADLIB 1980/7] 日米只今ビッグ・ヒット中 アルバム／シングル全調査 いまアメリカと日本...
(2) [Th: 98.3%] [ADLIB 1980/6] 日米只今ビッグ・ヒット中アルバム/シングル全調査 ●いまアメリカと日本...
(3) [Th: 97.3%] [ADLIB 1980/3] 全国有名輸入盤店の中から、今回は東京渋谷にあるフルハウスと原宿にあるメ...
(4) [Th: 96.4%] [ADLIB 1980/7] 全国有名輸入盤店 ベスト・セラーズ 全国有名輸入盤店の中から、今月は東...
(5) [Th: 96.4%] [ADLIB 1980/4] 全国有名輸入盤店ベスト・セラーズ 全国有名輸入盤店の中から、今月は東京...
(6) [Th: 96.0%] [ADLIB 1980/5] ●最後に日本ではどうなっているんだろう？それをコンフィデンス誌3月24...
(7) [Th: 95.9%] [ADLIB 1980/5] ●次に同誌同号の「トップ100アルバム」チャートから 1. ザ・ウォー...
(8) [Th: 95.8%] [ADLIB 1980/6] 全国有名輸入盤店 ベスト・セラーズ 全国有名輸入盤店の中から、今月は大..."
7.0,20,7,5. ブラックミュージック・ジャンル論 ✊,読者の熱情、誌面に集う！,Bottom-Up (R→E),Rが5ヶ月先行,-0.559353,0.0638564,0.00312035,2.0,"マービン・ゲイ, ポインター・シスターズ, レーベル, 移籍, gp, ナタリー・コール, you, シュープリームス, 発表, 歌手, アイザック・ヘイズ, バリー, 契約, 女性歌手, ジャクソン・ファイブ",20.0,7.0,"(1) [Th: 95.4%] [ADLIB 1977/4] ...た。どなたか教えてください。 [個人情報] ○古くからのブルース,R&Bファンであればジョニー・ギター...
(2) [Th: 95.1%] [ADLIB 1977/7] ...歌手について紹介して下さい。 [個人情報] ○この6月の東京音楽祭に参加のため来日が予定されているマキ...
(3) [Th: 95.1%] [ADLIB 1976/1] ...ているアルバムはありますか? [個人情報] ○ドラマティックスは現在Mainstreamに所属していま...
(4) [Th: 93.1%] [ADLIB 1976/7] ...ーはどこに行ったのでしょうか [個人情報] ○ジョニーは戦場へ行った！というのは冗談で、彼は'74年末...
(5) [Th: 93.0%] [ADLIB 1975/7] - 「黒いジャガー」でおなじみのアイザック・ヘイズがスタックスを離れ、...
(6) [Th: 91.3%] [ADLIB 1977/7] ...手？レコードは出ていますか？ [個人情報] ○イギリス生れの女性歌手ティナ・チャールズは、まだ21才と...
(7) [Th: 91.1%] [ADLIB 1977/10] ...、新作は出ないのでしょうか。 [個人情報] ○適当に美人だし、歌もうまいし、キャンディの人気が日本で今...
(8) [Th: 90.7%] [ADLIB 1978/7] ...の妹だというのは本当ですか。 [個人情報] ○本当です。ついでのことに、音楽一家として知られるロウズ・..."
8.0,20,8,1. 読者コミュニティ・流通 (売買/募集/ペンパル) 🤝,読者が動かす！音楽伝言板,Bottom-Up (R→E),Eが2ヶ月先行,-0.377491,0.731214,0.0327644,1.0,"メンバー募集, 使用, ペンパル, 募集, 練習, 当方, ドラムス, プロ, 求む, フレンド, 男女, 指向, 問う, フュージョン, テク",20.0,8.0,"(1) [Th: 98.7%] [ADLIB 1981/5] [個人情報] ●音楽が大好きで、プレイすることがなにより好きな音楽仲間が...
(2) [Th: 98.7%] [ADLIB 1981/9] [個人情報] ●音楽が大好きで、プレイすることがなにより好きな音楽仲間が...
(3) [Th: 98.7%] [ADLIB 1981/4] [個人情報] 音楽が大好きで、プレイすることがなにより好きな音楽仲間が集...
(4) [Th: 96.8%] [ADLIB 1981/8] [個人情報] ●音楽が大好きで、プレイすることがなにより好きな音仲間が集...
(5) [Th: 96.4%] [ADLIB 1980/12] [個人情報] ●音楽が大好きで、プレイすることがなにより好きな音楽仲間が...
(6) [Th: 95.6%] [ADLIB 1981/2] ...各セクションを求めています。 [個人情報]
(7) [Th: 95.4%] [ADLIB 1981/5] ...仕事、コンサートの予定あり。 [個人情報] [電話番号] [個人情報]
(8) [Th: 95.4%] [ADLIB 1982/1] ...の方に限ります。男女問わず。 [個人情報]"
9.0,20,9,1. 読者コミュニティ・流通 (売買/募集/ペンパル) 🤝,街のソウル・ディスコ情報,No Interaction,Rが3ヶ月先行,0.565888,0.20578,0.526228,1.0,"午後, 営業時間, 地区, 黒電話, 主催, pm, tbs, 協会, am, 日曜日, 問合せ, 時半, 店内, 関西, 毎週",20.0,9.0,"(1) [Th: 95.6%] [ADLIB 1976/10] OUR SOUL SPOT ●東北の福島県郡山市にファッションDJハウ...
(2) [Th: 95.6%] [ADLIB 1976/10] OUR SOUL SPOT ●東北の福島県郡山市にファッションDJハウ...
(3) [Th: 95.4%] [ADLIB 1975/7] レディ・ソウル入門実践教室山口弘滋 - 美人のレディ・ソウルが楽しみた...
(4) [Th: 95.3%] [ADLIB 1980/6] ●出物もとめていく千里~きょうもあさるは中古盤~。レコード収集の“基本...
(5) [Th: 95.2%] [ADLIB 1980/3] テレビだって歌謡曲ばかりじゃない ●ミュージック・イン・USA（東京1...
(6) [Th: 95.1%] [ADLIB 1980/4] ●ミュージック・イン・USA (東京12ch) 毎週火曜日深夜12時～...
(7) [Th: 94.7%] [ADLIB 1977/4] ●14号でもレポートしたように、ニューヨークで行なわれたディスコ会議は...
(8) [Th: 94.6%] [ADLIB 1980/7] ●テレビは歌謡曲ばかりじゃない ※サウンズ・クリエーション(東京12c..."
10.0,20,10,2. ライブ・イベント・コンサート情報 🏟️,熱狂フュージョンライブ,No Interaction,Rが7ヶ月先行,-0.415654,0.774763,0.3782,2.0,"アンコール, ソロ, 会場, ステージ, ノリ, 拍手, 手拍子, 客席, 終わる, 野呂, 観客, オープニング, pa, 迫力, 弾く",20.0,10.0,"(1) [Th: 97.0%] [ADLIB 1981/5] ...御卒業おめでとうございます。 [個人情報] [個人情報]
(2) [Th: 96.7%] [ADLIB 1981/9] ...ープ――今度はぜひ郡山へ。」 [個人情報]
(3) [Th: 96.7%] [ADLIB 1981/12] ...のすごさに改めて驚きました。 [個人情報] [個人情報]
(4) [Th: 96.7%] [ADLIB 1981/3] ...黒い車で走り去ってしまった。 [個人情報]
(5) [Th: 96.6%] [ADLIB 1980/3] ...イタクなんでしょうか･･･? [個人情報] [個人情報]
(6) [Th: 96.5%] [ADLIB 1981/8] ...さに“ヤンキー”のバンドだ。 [個人情報]
(7) [Th: 96.5%] [ADLIB 1981/7] ...り、そして金精大明神に合掌。 [個人情報]
(8) [Th: 96.4%] [ADLIB 1981/7] ...はドラマーです。あしからず。 [個人情報]"
11.0,20,11,6. 映像・メディア連動 (映画/CM/TV) 📺,映画・CM・TV音楽の舞台裏,No Interaction,Eが2ヶ月先行,-0.403234,0.354361,0.726586,1.0,"画面, 監督, cinema, cf, タモリ, 流れる, シーン, 主題歌, アフリカ, boz, 映画, ドル, 主演, ハーモニカ, ルーツ",20.0,11.0,"(1) [Th: 97.1%] [ADLIB 1981/5] CINEMA 画面ばかりじゃない。 ほら映画の中にはいい音楽もあるんだ...
(2) [Th: 97.0%] [ADLIB 1980/8] CINEMA 画面ばかりじゃない。 ほら映画の中にはいい音楽もあるんだ...
(3) [Th: 96.6%] [ADLIB 1981/5] CINEMA [個人情報] [個人情報] ●「ジャズ・シンガー」 これが3度目の映画化...
(4) [Th: 96.5%] [ADLIB 1980/5] CINEMA 画面ばかりじゃない。ほら映画の中にはいい音楽もあるんだ ...
(5) [Th: 96.4%] [ADLIB 1981/10] CINEMA 画面ばかりじゃない。 ほら映画の中にはいい音楽もあるんだ...
(6) [Th: 96.2%] [ADLIB 1980/9] CINEMA 画面ばかりじゃない。ほら映画の中にはいい音楽もあるんだ。...
(7) [Th: 95.8%] [ADLIB 1980/3] 画面ばかりじゃない。ほら映画の中にはいい音楽もあるんだ ●「地獄の黙示...
(8) [Th: 95.7%] [ADLIB 1980/6] CINEMA 画面ばかりじゃない。ほら映画の中にはいい音楽もあるんだ。..."
12.0,20,12,4. 雑誌編集・ファン心理・特典グッズ 🎁,読者と創る、音楽誌の舞台裏,No Interaction,Rが4ヶ月先行,0.630265,0.229672,0.239943,2.0,"表紙, 編集, 寄せる, 編集部, グラビア, cover, いかが, 提案, photo, 松永, 後記, イラスト, 本号, 大川, 苦情",20.0,12.0,"(1) [Th: 96.8%] [ADLIB 1974/7] アドリブ読者の広場 ●今号初登場のページですので、創刊号から第3号まで...
(2) [Th: 95.0%] [ADLIB 1977/7] 1977 Summer No.16 Editor = 安藤和正 松下佳...
(3) [Th: 95.0%] [ADLIB 1981/5] ...によっては可愛いと思います。 [個人情報]
(4) [Th: 95.0%] [ADLIB 1981/5] ...によっては可愛いと思います。 [個人情報]
(5) [Th: 94.4%] [ADLIB 1977/10] 1977 Autumn No.17 Editor=安藤和正 松下佳男 ...
(6) [Th: 94.1%] [ADLIB 1976/4] アドリブ読者の広場 ●ご意見,提案,苦情,質問,珍問。うれしかったこと...
(7) [Th: 94.1%] [ADLIB 1976/7] アドリブ読者の広場 ●ご意見,提案,苦情,質問,珍問。うれしかったこと...
(8) [Th: 93.8%] [ADLIB 1977/1] 読者の広場 ご意見、提案、苦情,質問,珍問,うれしかったこと、悲しかっ..."
13.0,20,13,5. ブラックミュージック・ジャンル論 ✊,黒人音楽探究！読者を誘う熱狂,Top-Down (E→R),Rが5ヶ月先行,-0.404341,0.0390765,0.723494,1.0,"ブラジル, ファイアー, アース・ウインド, サルサ, 吉田ルイ子, スーパー・スター, グラディス・ナイト, オハイオ・プレイヤーズ, ジョージ・ベンソン, ザ・ピップス, ew, 調査, ドナ・サマー, 研究, 徹底",20.0,13.0,"(1) [Th: 93.4%] [ADLIB 1978/4] ●ラジオ関西で放送中の「ソウル・パーティー」を聴いてみよう！！！ ラジ...
(2) [Th: 93.2%] [ADLIB 1978/4] ●ラジオ関西で放送中の「ソウル・パーティー」を聴いてみよう!!! ラジ...
(3) [Th: 85.8%] [ADLIB 1976/10] SPECIAL COLOR 世界初紹介徹底取材成功！！ マービン・ゲイ...
(4) [Th: 85.1%] [ADLIB 1978/1] ...途中で変わらないでしょうに! [個人情報]
(5) [Th: 82.8%] [ADLIB 1975/7] - マービン・ゲイ物語: 三浦 憲 ---199 - マービン・ゲイ完...
(6) [Th: 81.4%] [ADLIB 1978/1] ●今春来日アーティスト スタイリスティックス･････････････...
(7) [Th: 78.8%] [ADLIB 1978/4] Special Color ●5月来日直前インタビュー初紹介 ブラザー...
(8) [Th: 77.8%] [ADLIB 1978/7] Interviews Special Issue ボブ・ジェイムス ...."
14.0,20,14,4. 雑誌編集・ファン心理・特典グッズ 🎁,本屋で熱狂！音楽雑誌の時代,No Interaction,Rが5ヶ月先行,0.372021,0.885632,0.5343,1.0,"野口, 本屋, 買う, さま, 名付け親, ミーハー, がんばる, 毎月, 発売日, friendship, kylyn, お金, ページ, 本多, 読む",20.0,14.0,"(1) [Th: 97.5%] [ADLIB 1981/5] ...さんの意見を聞かせて下さい。 [個人情報]
(2) [Th: 97.5%] [ADLIB 1981/5] ...さんの意見を聞かせて下さい。 [個人情報]
(3) [Th: 95.2%] [ADLIB 1982/1] ...んも買ってみてはどうですか？ [個人情報]
(4) [Th: 95.1%] [ADLIB 1981/12] ...さっていたけど大丈夫ですか? [個人情報] [個人情報]
(5) [Th: 94.8%] [ADLIB 1981/7] ...す。ありがとうございました。 [個人情報]
(6) [Th: 93.3%] [ADLIB 1980/11] ...って下さい。期待しています。 [個人情報] [個人情報]
(7) [Th: 93.0%] [ADLIB 1981/5] ... 高中正義=[倫理情報] [個人情報] 3. 松岡直也=まつおかやおや 4. 土方隆行=[倫理情報]...
(8) [Th: 93.0%] [ADLIB 1981/5] ... 高中正義=[倫理情報] [個人情報] 3. 松岡直也=まつおかやおや 4. 土方隆行=[倫理情報]..."
15.0,20,15,5. ブラックミュージック・ジャンル論 ✊,洋楽指南、編集部の声,Top-Down (E→R),Rが1ヶ月先行,0.536357,0.022911,0.420157,1.0,"岩浪洋三, 湯川れい子, 紺野, 吉岡正晴, 水野さちこ, 吹田, 竹村淳, 靖治, 吉成, 鈴木道子, 一雄, 江原, 青木啓, 岡崎, 正通",20.0,15.0,"(1) [Th: 99.2%] [ADLIB 1974/1] 4 VIEWS ON ROCK & JAZZ RECORDS (1枚の...
(2) [Th: 98.7%] [ADLIB 1974/10] GUIDE TO FUNK & IT'S RECORDS 4 VIEW...
(3) [Th: 98.4%] [ADLIB 1976/1] 4 VIEWS ON NEW SOUND RECORDS メロー・マッ...
(4) [Th: 98.2%] [ADLIB 1977/10] New Disc Guide On Black Sounds ブラック...
(5) [Th: 98.2%] [ADLIB 1980/0] 本誌選出「'79ベスト・レコード」決定作発表 * '79クロスオーバー...
(6) [Th: 98.0%] [ADLIB 1977/7] 第16号担当者(ABC順・敬称略) = 穴沢よしえ、青木啓、江原一雄、...
(7) [Th: 98.0%] [ADLIB 1974/4] ●全米トップ・コンポ＆トップ・スター’74 ハービー・マン：小西啓 キ...
(8) [Th: 97.9%] [ADLIB 1981/2] 特別企画='80 ADLIB BEST RECORDS 本誌選出『'8..."
16.0,20,16,3. 奏法・技術・オーディオ・機材 🎧,スタジオ・プレイヤー奏法分析,No Interaction,Rが9ヶ月先行,-0.358109,0.63862,0.245765,1.0,"リック, ガッド, ラリー, play!, リチャード・ティー, 奏法, ドラマー, たたく, スティーブ・ガッド, シンセサイザー, エリック・ゲイル, ドラミング, 雑魚, ラルフ・マクドナルド, ベーシスト",20.0,16.0,"(1) [Th: 98.2%] [ADLIB 1980/11] 野口五郎のクロスオーバー・アンテナ ●ミュージシャンの演奏スタイルにつ...
(2) [Th: 97.9%] [ADLIB 1982/1] 野口五郎のクロスオーバー・アンテナ ●“感性”のドラマー、わが愛するリ...
(3) [Th: 97.1%] [ADLIB 1981/8] 野口五郎のクロスオーバーアンテナ ●プレイヤーズのライブを聴いて感じた...
(4) [Th: 95.8%] [ADLIB 1981/12] 野口五郎のクロスオーバーアンテナ ●ベースは“ベースの原点”にもどった...
(5) [Th: 92.6%] [ADLIB 1980/5] ...教えていただきたいのですが、 [個人情報] ○GRPオールスターズのステージでは、シブい、ギター・プレ...
(6) [Th: 87.9%] [ADLIB 1979/10] ...しいと思っているんですがね。 [個人情報]
(7) [Th: 87.3%] [ADLIB 1981/11] 野口五郎のクロスオーバーアンテナ ●プロフェット5のオーケストレーショ...
(8) [Th: 86.1%] [ADLIB 1980/0] ...もディ・メオラに注目したい。 [個人情報]"
17.0,20,17,7. 来日ミュージシャン・人間探訪 🇯🇵,ニューヨーク音楽見聞録,Top-Down (E→R),Eが9ヶ月先行,0.575773,0.00586637,0.224989,12.0,"サンボーン, ad, ポール・サイモン, spinoza, シーウィンド, 国際, ボサノバ, ニューヨーク, ビート, 五郎, ジョージ, 述べる, ハワイ, エリック, 良実",20.0,17.0,"(1) [Th: 98.7%] [ADLIB 1981/5] 野口五郎のクロスオーバーアンテナ ●16ビートのニオイがいっぱいのボサ...
(2) [Th: 98.6%] [ADLIB 1981/5] [個人情報] ●16ビートのニオイがいっぱいのボサノバってどうかな？ や...
(3) [Th: 98.1%] [ADLIB 1981/12] ★僕のN.Y.なんでも見聞記★ ●雑居都市ニューヨーク…… どういうわ...
(4) [Th: 98.0%] [ADLIB 1981/3] 野口五郎のクロスオーバーアンテナ ●オーディオって自分の大好きな“味”...
(5) [Th: 97.9%] [ADLIB 1981/7] ★僕のN.Y.なんでも見聞記★ ●“粋さ”ってどんなもの? 今年ではや...
(6) [Th: 97.5%] [ADLIB 1981/6] 野口五郎のクロスオーバーアンテナ ●頭の中がバケーションなんてスピノザ...
(7) [Th: 97.4%] [ADLIB 1981/3] ★僕のN.Y.なんでも見聞記★ ●24丁目バンドを通して見たN.Y.の...
(8) [Th: 96.0%] [ADLIB 1980/10] ★僕のN.Y.なんでも見聞記★ ●愛すべきニューヨーカーたち 今回は、..."
18.0,20,18,5. ブラックミュージック・ジャンル論 ✊,ファンク！黒人音楽の深層,No Interaction,同時/なし,0.751495,0.0513393,0.185645,1.0,"ファンク, cti, モダン・ジャズ, 発展, とらえる, 小生, ブラック・ミュージック, sa, 年代, tdk, 定価, 黒人, 著者, ブラック, 発刊",20.0,18.0,"(1) [Th: 95.5%] [ADLIB 1974/10] ●カケダシ釣人が銀鱗に舞う若鮎（アユ）を求めて新緑の渓谷にトブ釣りを楽...
(2) [Th: 95.0%] [ADLIB 1978/4] ●TDKのSAシリーズがさらによくなったソ ジャズ=クロスオーバーやソ...
(3) [Th: 94.9%] [ADLIB 1976/7] ...コ・サウンズはありえますか？ [個人情報] ○ウーン！まいったナ。こういう素朴というか、抽象的な質問に...
(4) [Th: 94.8%] [ADLIB 1978/4] ●TDKのSAシリーズがさらによくなったゾ ジャズ＝クロスオーバーやソ...
(5) [Th: 93.7%] [ADLIB 1980/6] ●クロスオーバー型人間の発想 『クロスオーバー型人間の発想』ークロスオ...
(6) [Th: 93.5%] [ADLIB 1981/11] BOOK 「コピーライターの世界」 本号の特別企画“CMと僕らの音楽”...
(7) [Th: 93.3%] [ADLIB 1981/5] ...そう思いませんか?ではまた! [個人情報] ペンネーム、“Captain Max”吉野文昭
(8) [Th: 93.3%] [ADLIB 1981/5] ...そう思いませんか?ではまた! [個人情報] ペンネーム、“Captain Max”吉野文昭"
19.0,20,19,2. ライブ・イベント・コンサート情報 🏟️,洋楽来日！全国コンサート,No Interaction,Rが9ヶ月先行,-0.373436,0.71466,0.551462,1.0,"名古屋, 問い合わせ, 会館, キョードー東京, 中野サンプラザホール, フェスティバルホール, 厚生年金会館, 市民, 東京, 中野サンプラザ, ホール, 福岡, 県民, 横浜, 公会堂",20.0,19.0,"(1) [Th: 98.2%] [ADLIB 1978/1] ★ソフトーンズ ソフトでメロウな3人組ソフトーンズが3度目の来日をし、...
(2) [Th: 98.1%] [ADLIB 1978/10] ●ハービー・ハンコック ハービー・ハンコックがニュー・グループを率いて...
(3) [Th: 98.0%] [ADLIB 1977/1] ★ソフトーンズ 1月18日（火）東京 中野サンプラザ 1月19日（水）...
(4) [Th: 98.0%] [ADLIB 1976/7] ★スリー・ディグリーズ - 6月17日(木)静岡 駿府会館 - 6月1...
(5) [Th: 97.8%] [ADLIB 1979/10] ★ケニー・ロギンス ロギンス&メッシーナ解散後もソロとして活躍中のAO...
(6) [Th: 97.7%] [ADLIB 1979/10] ★イーグルス 〈呪われた夜〉〈ホテル・カリフォルニア〉の大ヒットを放っ...
(7) [Th: 97.5%] [ADLIB 1979/4] ★笠井紀美子 ハービー・ハンコックらを迎えてレコーディングした新作「バ...
(8) [Th: 97.3%] [ADLIB 1979/4] ★マイケル・フランクス 語りかけるようなメロウなボーカルを聞かせてくれ..."
20.0,20,20,5. ブラックミュージック・ジャンル論 ✊,洗練サウンドの深層探求,No Interaction,Eが11ヶ月先行,-0.422808,0.909466,0.598489,1.0,"マイルス, まま, クインシー, ブラインドフォールドテスト, スティーリー・ダン, toto, ソフト, アルバム, コルトレーン, プロデュース, メロウ, ap, 愛のコリーダ, マイルス・デイビス, ジョン・コルトレーン",20.0,20.0,"(1) [Th: 98.3%] [ADLIB 1981/1] 野口五郎のクロスオーバーアンテナ ●この1年いろんなサウンドに熱中した...
(2) [Th: 98.1%] [ADLIB 1981/10] 野口五郎のクロスオーバーアンテナ ●ボクにとっての“マイルスの第1作目...
(3) [Th: 93.9%] [ADLIB 1981/2] 僕★の愛★聴★盤 ●その11ウォーレン・バーンハートの巻 昔から愛聴し...
(4) [Th: 93.4%] [ADLIB 1980/12] ●僕の愛聴盤 ●その9 エリック・ゲイルの巻 今もいつも聴いてるという...
(5) [Th: 92.7%] [ADLIB 1979/7] ●ハービーよ、昔に戻って!! 22号で私はハービーの「サンライト」につ...
(6) [Th: 92.2%] [ADLIB 1980/8] 僕の愛聴盤 ●その6 マーカス・ミラーの場合 マイルス・デイビス（tp...
(7) [Th: 92.1%] [ADLIB 1980/5] 僕★の愛★聴★盤 その3 トム・ブラウンの場合 愛聴盤かい？僕の場合は...
(8) [Th: 91.4%] [ADLIB 1981/12] 僕の愛聴盤 ●その21 バーナード・ライト ひとつ大好きな曲がある。ジ..."
21.0,23,1,3. 奏法・技術・オーディオ・機材 🎧,フュージョン・AOR最前線,No Interaction,Rが8ヶ月先行,0.472486,0.839314,0.428852,1.0,"ラリー・カールトン, ラリー, まま, ブラインドフォールドテスト, リー・リトナー, ジェイ・グレイドン, toto, エリック・ゲイル, スティーリー・ダン, ap, ts, ウォーカー, ジャコ・パストリアス, ギタリスト, ボブ・ジェイムス",23.0,1.0,"(1) [Th: 97.7%] [ADLIB 1980/8] 野口五郎のクロスオーバーアンテナ ●腹7分目の心地よいサウンド ---...
(2) [Th: 97.6%] [ADLIB 1980/3] 野口五郎のクロスオーバー・アンテナ ▲本誌のレキュラー筆者になった五郎...
(3) [Th: 96.3%] [ADLIB 1981/1] 野口五郎のクロスオーバーアンテナ ●この1年いろんなサウンドに熱中した...
(4) [Th: 94.9%] [ADLIB 1980/11] 僕★の愛★聴★盤 ● その8 ジョージ・デュークの巻 ふーむ、1枚ね。...
(5) [Th: 94.1%] [ADLIB 1980/12] ●僕の愛聴盤 ●その9 エリック・ゲイルの巻 今もいつも聴いてるという...
(6) [Th: 91.4%] [ADLIB 1980/10] ●夏もアッという間に過ぎて、何か季節に取り残されたような感じ。でも過ご...
(7) [Th: 90.8%] [ADLIB 1981/1] 僕★の愛★聴★盤 ●その10 マイク・マイニエリの巻 14歳の頃から1...
(8) [Th: 90.8%] [ADLIB 1981/7] 日本のクロスオーバー聞いたまま感じたまま=BLIND FOLD TES..."
22.0,23,2,4. 雑誌編集・ファン心理・特典グッズ 🎁,アドリブ！音楽誌熱狂時代,No Interaction,Rが10ヶ月先行,-0.474231,0.7174,0.0536697,2.0,"記事, 買う, 読む, アドリブ, ほしい, 雑誌, 載る, 本屋, ページ, 載せる, 内容, 絶対, のせる, 感激, 毎号",23.0,2.0,"(1) [Th: 94.3%] [ADLIB 1980/4] ...て内容の充実をお続け下さい。 [個人情報]
(2) [Th: 93.7%] [ADLIB 1982/1] ...んも買ってみてはどうですか？ [個人情報]
(3) [Th: 92.8%] [ADLIB 1980/5] ...13-3西麻布職員寮507号 [個人情報]
(4) [Th: 92.1%] [ADLIB 1980/4] ...リブ・スタッフ・ガンバレヤ! [個人情報]
(5) [Th: 91.9%] [ADLIB 1981/3] ...か? AIRレコードさんへ。 [個人情報]
(6) [Th: 91.7%] [ADLIB 1981/9] ...おう』と言った。)おしまい。 [個人情報]
(7) [Th: 91.7%] [ADLIB 1980/5] ...それでは来月までさようなら。 [個人情報] [個人情報]
(8) [Th: 91.7%] [ADLIB 1981/9] ...らもADLIB読み続けます。 [個人情報]"
23.0,23,3,7. 来日ミュージシャン・人間探訪 🇯🇵,NY交遊録,Bottom-Up (R→E),Rが5ヶ月先行,-0.400958,0.377985,0.00288346,12.0,"spinoza, 二人, 飲む, 食べる, 遊び, ニューヨーク, 日本人, バイバイ。, 子供, ny, カメラ, 良実, 若林, 見聞, 連れる",23.0,3.0,"(1) [Th: 97.4%] [ADLIB 1981/6] 野口五郎のクロスオーバーアンテナ ●頭の中がバケーションなんてスピノザ...
(2) [Th: 97.4%] [ADLIB 1981/7] ★僕のN.Y.なんでも見聞記★ ●“粋さ”ってどんなもの? 今年ではや...
(3) [Th: 96.6%] [ADLIB 1980/12] ★僕のN.Y.なんでも見聞記★ ●N.Y.のテレビ&ラジオ 先日、東京...
(4) [Th: 94.4%] [ADLIB 1980/3] クルセイダーズはお寿司がお好き!? ●クルセイダース来日中の裏話 来日...
(5) [Th: 94.1%] [ADLIB 1980/5] ●デイブ・グルーシン & GRP オールスターズ、野口五郎U.S.A....
(6) [Th: 93.5%] [ADLIB 1980/5] ...ってな本当すごい町ですなぁ。 [個人情報]
(7) [Th: 93.0%] [ADLIB 1978/7] 今回なんといっても印象深かったのは、ブラザーズ・ジョンソンの取材で「つ...
(8) [Th: 92.3%] [ADLIB 1980/6] 野口五郎のクロスオーバーアンテナ ●サンボーンも、スピノザも、みんなみ..."
24.0,23,4,7. 来日ミュージシャン・人間探訪 🇯🇵,読者の希望で変わる洋楽,Bottom-Up (R→E),Eが7ヶ月先行,-0.384948,0.0758833,0.0366175,1.0,"アスペクト・イン・クロスオーバー, out, ゴキゲン, 番組, 経営, 近頃, サン, 支持, 今夜, ノエル・ポインター, ii, it, ランディ, コルトレーン, th",23.0,4.0,"(1) [Th: 97.5%] [ADLIB 1978/7] ●ラスベガスのダイアナ・ロス見聞記● 4月22日、深夜ラスベガス、シー...
(2) [Th: 97.1%] [ADLIB 1981/1] ★僕のN.Y.なんでも見聞記★ ●ニューヨーカーのたまり場 今月はNY...
(3) [Th: 96.9%] [ADLIB 1980/9] ★僕のN.Y.なんでも見聞記★ ●マイケル・ブレッカーは新人発掘の名人...
(4) [Th: 95.9%] [ADLIB 1978/4] ●アスペクト・イン・クロスオーバーからのお知らせ みなさんお元気ですか...
(5) [Th: 95.9%] [ADLIB 1978/4] ●アスペクト・イン・クロスオーバーからのお知らせ みなさんお元気ですか...
(6) [Th: 95.6%] [ADLIB 1980/11] ●AOR旋風はディスコまで 今年の初めから春にかけての日本のディスコは...
(7) [Th: 94.2%] [ADLIB 1982/1] ●タッチ・レスポンスで差をつけよう！ YAMAHA ELECTORON...
(8) [Th: 93.5%] [ADLIB 1974/4] ●米国商務省USTSの招きで1月末から2月中旬までサンフランシスコ、ニ..."
25.0,23,5,3. 奏法・技術・オーディオ・機材 🎧,名盤・名機で聴く洋楽の世界,No Interaction,Rが9ヶ月先行,-0.406769,0.166667,0.731669,1.0,"audio, 本号, 試聴, メロウ, 表紙, カセット・デッキ, 安藤, 特別企画, 編集, sansui, パイオニア, jbl, プリメイン・アンプ, ヤマハ, 新婚",23.0,5.0,"(1) [Th: 96.7%] [ADLIB 1981/12] BOOK ●「draw up/吉田カツ」 イラストレーター、吉田カツ。...
(2) [Th: 93.6%] [ADLIB 1981/3] AUDIO SPECIAL 人気ミュージシャンが自分の「新作」で「噂の...
(3) [Th: 93.2%] [ADLIB 1981/1] AUDIO SPECIAL 人気ミュージシャンが自分の「新作」で「噂の...
(4) [Th: 92.8%] [ADLIB 1981/4] AUDIO SPECIAL 人気ミュージシャンが自分の「新作」で「噂の...
(5) [Th: 92.4%] [ADLIB 1980/11] AUDIO SPECIAL 人気ミュージシャンが自分の「新作」で「噂の...
(6) [Th: 92.1%] [ADLIB 1981/10] AUDIO SPECIAL 人気ミュージシャンが自分の「新作」で「噂の...
(7) [Th: 91.9%] [ADLIB 1981/2] AUDIO SPECIAL 人気ミュージシャンが自分の「新作」で「噂の...
(8) [Th: 91.7%] [ADLIB 1980/12] AUDIO SPECIAL 人気ミュージシャンが自分の「新作」で「噂の..."
26.0,23,6,1. 読者コミュニティ・流通 (売買/募集/ペンパル) 🤝,ソウル愛好！ファンクラブ交流広場,No Interaction,Eが4ヶ月先行,0.495764,0.391512,0.919476,1.0,"ファン・クラブ, 入会, 売却, 交換, 発足, 送料, 同封, 下記, 往復, 住所, 切手, スリー・ディグリーズ, 価格, ハガキ, 苦情",23.0,6.0,"(1) [Th: 96.2%] [ADLIB 1976/7] ...の宛先までお申し込み下さい。 [個人情報] ビクター音楽産業内ハウス・オブ・テンプテーションズ係。
(2) [Th: 95.7%] [ADLIB 1974/7] アドリブ読者の広場 ●今号初登場のページですので、創刊号から第3号まで...
(3) [Th: 95.7%] [ADLIB 1974/10] ●「アドリブ」編集部員募集 ★ポピュラー音楽全般に精通し, 音楽雑誌の...
(4) [Th: 95.0%] [ADLIB 1975/7] アドリブ読者の広場 ●ご意見,提案,苦情,質問,珍問。うれしかったこと...
(5) [Th: 94.6%] [ADLIB 1976/4] アドリブ読者の広場 ●ご意見,提案,苦情,質問,珍問。うれしかったこと...
(6) [Th: 94.6%] [ADLIB 1976/7] アドリブ読者の広場 ●ご意見,提案,苦情,質問,珍問。うれしかったこと...
(7) [Th: 94.5%] [ADLIB 1977/7] ...宛先までお申し込みください。 [個人情報]
(8) [Th: 94.3%] [ADLIB 1981/4] ...A 90210 U.S.A. [個人情報]"
27.0,23,7,7. 来日ミュージシャン・人間探訪 🇯🇵,洋楽スター：素顔の対話,No Interaction,Rが10ヶ月先行,-0.431373,0.720172,0.0665877,1.0,"パーソン, 通訳, 慶子, 肥田, 会う, keiko, you, シーウィンド, バリー, ハワイ, 歩く, 静か, ポリス, ジム・ホール, 年前",23.0,7.0,"(1) [Th: 98.2%] [ADLIB 1981/5] KEIKOのパーソンtoパーソン ●12●シーウィンドの巻 シーウィン...
(2) [Th: 98.1%] [ADLIB 1980/5] アメリカ23日間シカゴ見て歩きレポート VOL.3 笠木修治 1月12...
(3) [Th: 97.3%] [ADLIB 1981/10] KEIKOのパーソンtoパーソン ●17●ランディ・クロフォードの巻 ...
(4) [Th: 97.1%] [ADLIB 1981/5] KEIKOのパーソンtoパーソン ●12●シーウィンドの巻 シーウィン...
(5) [Th: 97.1%] [ADLIB 1981/11] KEIKOのパーソンtoパーソン ●18●ジョージ・ハリソンの巻 あま...
(6) [Th: 96.9%] [ADLIB 1980/6] アメリカ23日間シッチャカメッチャカ見て歩きレポート VOL.4 笠木...
(7) [Th: 96.5%] [ADLIB 1981/12] KEIKOのパーソンtoパーソン ●19●ジム・ホールの巻 あのジム・...
(8) [Th: 96.5%] [ADLIB 1980/6] KEIKOのパーソンtoパーソン いろいろなアーティストが来日すると、..."
28.0,23,8,4. 雑誌編集・ファン心理・特典グッズ 🎁,豪華付録と誌面企画,No Interaction,Rが10ヶ月先行,0.807352,0.600413,0.648661,2.0,"プレゼント, 製作, 特別, ステッカー, badge, ポスター, シャツ, 記念, 自ら, 制作, 特大, サイズ, the, カラー・ポスター, 付録",23.0,8.0,"(1) [Th: 96.4%] [ADLIB 1981/4] インタビュー/リポート/ストーリー FROM AROUND THE W...
(2) [Th: 96.2%] [ADLIB 1981/9] インタビュー/リポート/ストーリー FROM AROUND THE W...
(3) [Th: 95.8%] [ADLIB 1981/12] インタビュー/リポート/ストーリー FROM AROUND THE W...
(4) [Th: 95.2%] [ADLIB 1981/11] ●ボブ・シーガーのバッヂ 大人のシブイ魅力のロックン・ローラー=ボブ・...
(5) [Th: 95.1%] [ADLIB 1981/9] ●スターズ・オン45のバッヂ ビートルズのヒット・ナンバーを、本物そっ...
(6) [Th: 94.7%] [ADLIB 1981/6] ●ルーファスのポスター センス抜群のサウンドが魅力のルーファス。彼らの...
(7) [Th: 94.7%] [ADLIB 1981/9] ●渡辺貞夫のオレンジ・エキスプレス・バッヂ アメリカの若手リズム・セク...
(8) [Th: 94.4%] [ADLIB 1981/8] ●パラシュートのレコード袋 新作「HAERE MAI」も好調、夏に向か..."
29.0,23,9,1. 読者コミュニティ・流通 (売買/募集/ペンパル) 🤝,読者の熱気が生む音楽広場,Bottom-Up (R→E),Eが11ヶ月先行,-0.522167,0.70884,0.0347755,1.0,"メンバー募集, 使用, 当方, ペンパル, 募集, 練習, フレンド, ドラムス, テク, 指向, どなた, 求む, 男女, 売る, オリジナル",23.0,9.0,"(1) [Th: 98.1%] [ADLIB 1980/12] [個人情報] ●音楽が大好きで、プレイすることがなにより好きな音楽仲間が...
(2) [Th: 98.0%] [ADLIB 1981/9] [個人情報] ●音楽が大好きで、プレイすることがなにより好きな音楽仲間が...
(3) [Th: 98.0%] [ADLIB 1981/4] [個人情報] 音楽が大好きで、プレイすることがなにより好きな音楽仲間が集...
(4) [Th: 97.4%] [ADLIB 1981/5] [個人情報] ●音楽が大好きで、プレイすることがなにより好きな音楽仲間が...
(5) [Th: 96.0%] [ADLIB 1982/1] ...の方に限ります。男女問わず。 [個人情報]
(6) [Th: 95.8%] [ADLIB 1981/5] ...仕事、コンサートの予定あり。 [個人情報] [電話番号] [個人情報]
(7) [Th: 95.7%] [ADLIB 1980/3] ...高一。近くの人はすぐ連絡を。 [個人情報] [電話番号]（7:00p.m.～9:00p.m.） [個人...
(8) [Th: 95.6%] [ADLIB 1980/7] ...いらっしゃったら連絡下さい。 [個人情報]"
30.0,23,10,7. 来日ミュージシャン・人間探訪 🇯🇵,雑誌が創る！熱狂ライブ体験,Top-Down (E→R),Rが4ヶ月先行,0.491535,0.0268236,0.63237,1.0,"アンコール, ノリ, ソロ, 拍手, 手拍子, 終わる, 高中, 途中, pa, 会場, 弾く, 笹路, まくる, 観客, チック",23.0,10.0,"(1) [Th: 96.5%] [ADLIB 1981/3] ...黒い車で走り去ってしまった。 [個人情報]
(2) [Th: 95.7%] [ADLIB 1981/3] ...も満足したに違いないだろう。 [個人情報]
(3) [Th: 95.6%] [ADLIB 1980/8] ...い出に残るコンサートでした。 [個人情報]
(4) [Th: 95.2%] [ADLIB 1980/12] ...分に楽しいコンサートでした。 [個人情報]
(5) [Th: 95.1%] [ADLIB 1982/1] ...とても良いコンサートだった。 [個人情報] [個人情報]
(6) [Th: 95.0%] [ADLIB 1981/12] ...0字以内で書けるはずがない。 [個人情報] [個人情報]
(7) [Th: 94.8%] [ADLIB 1981/7] ...すまないような気もしました。 [個人情報]
(8) [Th: 94.7%] [ADLIB 1982/1] ...”っていう点では最高でした。 [個人情報] [個人情報]"
31.0,23,11,2. ライブ・イベント・コンサート情報 🏟️,読者とライブ、誌上の招待状,Top-Down (E→R),同時/なし,0.498487,0.0387298,0.373788,1.0,"招待, 必着, カシオペア, 神崎, オン・ザ・ロード, 野呂, 明記, 東京公演, 〆切, 皆様, 名付け親, 厚意, 応募, ネイティブ・サン, アフリカ",23.0,11.0,"(1) [Th: 94.5%] [ADLIB 1981/4] ●シーウインドのコンサートにご招待 3月に待望の来日を果すシーウインド...
(2) [Th: 94.4%] [ADLIB 1981/6] ●コンサート招待 ウェザー・リポートのコンサートにご招待 昨年にひき続...
(3) [Th: 93.8%] [ADLIB 1981/1] コンサート招待 ●クルセイダーズのコンサートにご招待 『ラプソディー&...
(4) [Th: 93.1%] [ADLIB 1981/4] ●スタッフのコンサートにご招待 昨年にひきつづき来日するスタッフのコン...
(5) [Th: 93.1%] [ADLIB 1981/7] ●フューズ・ワンのコンサートにご招待 スティーブ・カーン、ウィル・リー...
(6) [Th: 92.9%] [ADLIB 1981/5] ●ザ・スタイリスティックスのコンサートにご招待 美しいファルセットとハ...
(7) [Th: 92.6%] [ADLIB 1981/5] ●ザ・ブラザーズ・ジョンソンのコンサートにご招待 5月に3度目の来日を...
(8) [Th: 92.6%] [ADLIB 1980/11] ●日野皓正のコンサートにご招待 ニューヨーカーを引きつれて帰国、11月..."
32.0,23,12,3. 奏法・技術・オーディオ・機材 🎧,スティーブ・ガッドとセッション・ドラムの伝説,No Interaction,Eが10ヶ月先行,-0.476754,0.427333,0.143687,1.0,"スティーブ, リック, スティーブ・ガッド, ad, ガッド, ドラマー, たたく, steve, ドラミング, george, エリック, リチャード, ブラインド・フォールド・テスト, ドラム, photo",23.0,12.0,"(1) [Th: 98.6%] [ADLIB 1980/10] ハービー・メイソン AD 山木秀夫(ds)について直接心からのプレイが...
(2) [Th: 98.0%] [ADLIB 1982/1] 野口五郎のクロスオーバー・アンテナ ●“感性”のドラマー、わが愛するリ...
(3) [Th: 97.5%] [ADLIB 1980/5] 野口五郎のクロスオーバーアンテナ ●あの“イエーとかワーとか言っている...
(4) [Th: 97.0%] [ADLIB 1980/10] スティーブ・ガッド ADLIB(以下ADと略す) 近況はどんな感じです...
(5) [Th: 95.3%] [ADLIB 1980/10] ...背負うドラマーやったリして！ [個人情報]
(6) [Th: 93.6%] [ADLIB 1980/8] ●スティーブ・ガットの一日編集長ぶりは? 今月号の大目玉企画STEVE...
(7) [Th: 93.5%] [ADLIB 1980/3] ●マンスリーの進行で、ここ一月というもの、ボクの定期便は、「表参道発1...
(8) [Th: 93.2%] [ADLIB 1981/7] ●暑い日があったかと思うと急にまた寒くなったりで、ここのところの異常天..."
33.0,23,13,6. 映像・メディア連動 (映画/CM/TV) 📺,映画と音楽 ヒットの舞台裏,No Interaction,Rが7ヶ月先行,-0.353748,0.556201,0.507807,1.0,"映画, 監督, 画面, シーン, cf, スティービー, cinema, 編曲, 流れる, 公開, ハーモニカ, 主題歌, 歌う, 主演, 担当",23.0,13.0,"(1) [Th: 96.9%] [ADLIB 1981/5] CINEMA 画面ばかりじゃない。 ほら映画の中にはいい音楽もあるんだ...
(2) [Th: 96.6%] [ADLIB 1981/5] CINEMA [個人情報] [個人情報] ●「ジャズ・シンガー」 これが3度目の映画化...
(3) [Th: 96.5%] [ADLIB 1980/11] CINEMA 画面ばかりじゃない。 「ほら映画の中にはいい音楽もあるん...
(4) [Th: 96.1%] [ADLIB 1980/8] CINEMA 画面ばかりじゃない。 ほら映画の中にはいい音楽もあるんだ...
(5) [Th: 95.7%] [ADLIB 1980/5] CINEMA 画面ばかりじゃない。ほら映画の中にはいい音楽もあるんだ ...
(6) [Th: 95.2%] [ADLIB 1981/10] CINEMA 画面ばかりじゃない。 ほら映画の中にはいい音楽もあるんだ...
(7) [Th: 94.6%] [ADLIB 1981/6] CINEMA 画面ばかりじゃない。ほら映画の中にはいい音楽もあるんだ。...
(8) [Th: 94.3%] [ADLIB 1981/2] CINEMA 画面ばかりじゃない。 ほら映画の中にはいい音楽もあるんだ..."
34.0,23,14,1. 読者コミュニティ・流通 (売買/募集/ペンパル) 🤝,エアチェック熱！音源・楽譜交換,No Interaction,Rが7ヶ月先行,0.36326,0.76356,0.829565,2.0,"譲る, ダビング, kylyn, 渡辺, 渡辺香津美, スペクトラム, nhk, 増尾好秋, コーティンザクション, ymo, 午後, ha, 松岡直也, ウイシング, 松原正樹",23.0,14.0,"(1) [Th: 94.5%] [ADLIB 1981/3] ...トム・ライン""YMOライブ。 [個人情報]
(2) [Th: 94.4%] [ADLIB 1981/11] ...¥18,000で。送料当方で [個人情報]
(3) [Th: 93.6%] [ADLIB 1981/3] ●ダビングして下さい 受験勉強中で録音できませんでした。テープお持ちの...
(4) [Th: 93.2%] [ADLIB 1981/9] ...の方、ダビングしてください。 [個人情報]
(5) [Th: 91.5%] [ADLIB 1980/0] 日本のクロスオーバー特集 * 渡辺貞夫 ………………………………………...
(6) [Th: 91.5%] [ADLIB 1981/5] ...。ぜひぜひお願いいたします。 [個人情報]
(7) [Th: 91.3%] [ADLIB 1981/11] ...復ハガキで連絡してください。 [個人情報]
(8) [Th: 91.1%] [ADLIB 1981/3] ...ン」。まずは葉書きで連絡を。 [個人情報]"
35.0,23,15,5. ブラックミュージック・ジャンル論 ✊,ソウル・ミュージック教室,Co-evolution (E↔R),Rが4ヶ月先行,-0.523047,0.000413141,6.46e-05,4.0,"ソウル, new, black, ソウル・ファン, music, グラディス・ナイト, 入門, contents, コンテンポラリー, 実践, マービン・ゲイ, ソウル・レコード, ソウル・フード, ザ・ギャング, in",23.0,15.0,"(1) [Th: 93.9%] [ADLIB 1975/7] レディ・ソウル入門実践教室山口弘滋 - 美人のレディ・ソウルが楽しみた...
(2) [Th: 92.0%] [ADLIB 1975/1] GUIDE to SOUL & IT'S RECORDS ソウル入門実...
(3) [Th: 90.5%] [ADLIB 1975/4] HOW TO PLAY THE GUITAR:山内博春 — 134 志...
(4) [Th: 84.8%] [ADLIB 1976/7] RIGHT ON!! AUDIO ソウル&クロスオーバー・オーディオ ...
(5) [Th: 82.9%] [ADLIB 1981/11] FOCUS IN NOVEMBER ROCKとJAZZの名盤・珍盤・話...
(6) [Th: 82.8%] [ADLIB 1977/7] Soul Jazz=Crossover R&B Blues Roots...
(7) [Th: 82.3%] [ADLIB 1977/10] Soul Jazz=Crossover R&B Blues Roots...
(8) [Th: 82.0%] [ADLIB 1977/4] SOUL IN JAPAN - ミラクルズ 48 - スタイリスティッ..."
36.0,23,16,3. 奏法・技術・オーディオ・機材 🎧,フュージョン：音と技の哲学,No Interaction,同時/なし,0.0142085,0.106344,0.960079,1.0,"クインシー, ビート, ボサノバ, サンボーン, オーティス, 愛のコリーダ, 雑魚, デイビッド, マーカス, ひとつ, ジョン・ロビンソン, クレジット, ライト, たまる, アプローチ",23.0,16.0,"(1) [Th: 98.6%] [ADLIB 1981/5] [個人情報] ●16ビートのニオイがいっぱいのボサノバってどうかな？ や...
(2) [Th: 98.5%] [ADLIB 1981/3] 野口五郎のクロスオーバーアンテナ ●オーディオって自分の大好きな“味”...
(3) [Th: 98.5%] [ADLIB 1981/5] 野口五郎のクロスオーバーアンテナ ●16ビートのニオイがいっぱいのボサ...
(4) [Th: 98.4%] [ADLIB 1981/12] 野口五郎のクロスオーバーアンテナ ●ベースは“ベースの原点”にもどった...
(5) [Th: 96.3%] [ADLIB 1982/1] ●サウンドの縁の下の力持ち、ベース。だからアンプにも気を使う！ Guy...
(6) [Th: 96.0%] [ADLIB 1982/1] ●Small & Slimのセミ・アコ登場！ GRECO SEMI-A...
(7) [Th: 94.6%] [ADLIB 1979/10] ...しいと思っているんですがね。 [個人情報]
(8) [Th: 93.2%] [ADLIB 1979/7] ●ハービーよ、昔に戻って!! 22号で私はハービーの「サンライト」につ..."
37.0,23,17,5. ブラックミュージック・ジャンル論 ✊,70-80sジャズ新譜ガイド,No Interaction,Rが11ヶ月先行,0.318087,0.523202,0.481276,1.0,"岩浪洋三, 紺野, 水野さちこ, 吹田, 竹村淳, 靖治, 吉成, 鈴木道子, 一雄, 江原, 青木啓, 岡崎, 正通, 平山雄一, 大伴",23.0,17.0,"(1) [Th: 98.2%] [ADLIB 1976/1] 4 VIEWS ON NEW SOUND RECORDS メロー・マッ...
(2) [Th: 96.7%] [ADLIB 1978/7] 第20号担当者 (ABC順・敬称略) = 青木 啓, 江原一雄, 糸居...
(3) [Th: 96.7%] [ADLIB 1978/10] 第21号担当者（ABC順・敬称略）=青木 啓, 江原一雄, 糸居五郎,...
(4) [Th: 96.7%] [ADLIB 1977/7] 第16号担当者(ABC順・敬称略) = 穴沢よしえ、青木啓、江原一雄、...
(5) [Th: 96.7%] [ADLIB 1979/4] アドリブ新譜レコード総ガイド 第23号担当者(ABC順・敬称略)=青木...
(6) [Th: 96.7%] [ADLIB 1981/2] 新譜レコード&テープ・ガイド 新譜レコード紹介──48 ●担当者(AB...
(7) [Th: 96.6%] [ADLIB 1981/3] 新譜レコード&テープ・ガイド 新譜レコード紹介 ●担当者(ABC順・敬...
(8) [Th: 96.6%] [ADLIB 1981/4] 新譜レコード&テープ・ガイド 新譜レコード紹介 -14 ⚫︎担当者(A..."
38.0,23,18,5. ブラックミュージック・ジャンル論 ✊,レーベル最前線！レコード収集の極意,No Interaction,Eが11ヶ月先行,-0.414623,0.238764,0.326702,1.0,"cti, wp, epic, ワーナー・パイオニア, motown, 輸入盤, チャート, gp, vc, 移籍, レーベル, 契約, アルファ, 東芝emi, top",23.0,18.0,"(1) [Th: 98.8%] [ADLIB 1980/7] 日米只今ビッグ・ヒット中 アルバム／シングル全調査 いまアメリカと日本...
(2) [Th: 98.0%] [ADLIB 1980/6] 日米只今ビッグ・ヒット中アルバム/シングル全調査 ●いまアメリカと日本...
(3) [Th: 97.2%] [ADLIB 1980/3] 全国有名輸入盤店の中から、今回は東京渋谷にあるフルハウスと原宿にあるメ...
(4) [Th: 97.1%] [ADLIB 1976/10] ...近況とあわせて教えて下さい。 [個人情報] ○シャイ・ライツといえば、「オー・ガール」や「ロンリー・マ...
(5) [Th: 96.3%] [ADLIB 1976/1] ...ているアルバムはありますか? [個人情報] ○ドラマティックスは現在Mainstreamに所属していま...
(6) [Th: 96.1%] [ADLIB 1980/6] 全国有名輸入盤店 ベスト・セラーズ 全国有名輸入盤店の中から、今月は大...
(7) [Th: 95.9%] [ADLIB 1980/4] 全国有名輸入盤店ベスト・セラーズ 全国有名輸入盤店の中から、今月は東京...
(8) [Th: 95.7%] [ADLIB 1980/5] 全国有名輸入盤店 ベスト・セラーズ 全国有名輸入盤店ベスト・セラーズ ..."
39.0,23,19,2. ライブ・イベント・コンサート情報 🏟️,全国ホール公演スケジュール,No Interaction,Rが9ヶ月先行,-0.450517,0.621791,0.548976,1.0,"市民, 東京, 会館, キョードー東京, フェスティバルホール, 中野サンプラザ, 名古屋, 厚生年金会館, 中野サンプラザホール, ホール, 公会堂, 問い合わせ, 問い合せる, 横浜, 郵便貯金",23.0,19.0,"(1) [Th: 98.1%] [ADLIB 1978/10] ●ハービー・ハンコック ハービー・ハンコックがニュー・グループを率いて...
(2) [Th: 98.0%] [ADLIB 1978/1] ★ソフトーンズ ソフトでメロウな3人組ソフトーンズが3度目の来日をし、...
(3) [Th: 97.9%] [ADLIB 1977/1] ★ソフトーンズ 1月18日（火）東京 中野サンプラザ 1月19日（水）...
(4) [Th: 97.8%] [ADLIB 1976/7] ★スリー・ディグリーズ - 6月17日(木)静岡 駿府会館 - 6月1...
(5) [Th: 97.5%] [ADLIB 1979/4] ★笠井紀美子 ハービー・ハンコックらを迎えてレコーディングした新作「バ...
(6) [Th: 97.2%] [ADLIB 1977/10] ★メイナード・ファーガソン 全米ナンバー・ワンの〈ロッキーのテーマ〉を...
(7) [Th: 97.1%] [ADLIB 1977/1] ★スタイリスティックス 1月6日（木）東京 渋谷公会堂 1月7日（金）...
(8) [Th: 97.0%] [ADLIB 1979/1] ●スタイリスティックス 毎年お正月に来日するのが恒例になったスタイリス..."
40.0,23,20,5. ブラックミュージック・ジャンル論 ✊,日本の音楽誌、ブラックMを識る,No Interaction,同時/なし,0.699321,0.248602,0.0816655,12.0,"ファンク, モダン・ジャズ, 黒人, ブラック・ミュージック, マイルス, ジャンル, ソウル・ミュージック, 創刊号, ブラック・ファンク, とらえる, 年代, ポピュラー, 発展, マイルス・デイビス, ロック",23.0,20.0,"(1) [Th: 97.5%] [ADLIB 1973/10] 新しい形体の新しい雑誌を創刊する喜びと苦しみは、常に紙一重の背中合せで...
(2) [Th: 96.9%] [ADLIB 1974/10] ●クルセイダーズのジョー・サンプルも語っているように、もともと""Fun...
(3) [Th: 96.9%] [ADLIB 1974/10] ...ー、とは、どう違うのですか。 [個人情報] ○この質問にお答えする意味で、実は本特集が組まれているわけ...
(4) [Th: 96.7%] [ADLIB 1974/7] - 今号でスイング・ジャーナルの別冊「アドリブ」は誕生いらい満1才とな...
(5) [Th: 96.4%] [ADLIB 1973/10] 創刊号の発刊に手を染めることになった。雑誌創りはいつもそうなのだが、そ...
(6) [Th: 96.4%] [ADLIB 1974/10] ●カケダシ釣人が銀鱗に舞う若鮎（アユ）を求めて新緑の渓谷にトブ釣りを楽...
(7) [Th: 96.2%] [ADLIB 1981/11] ...なにとぞラリーをゴヒイキに。 [個人情報]
(8) [Th: 95.8%] [ADLIB 1973/10] なにかを感じたい人のための感じるマイルス アドリブ座談会 - いまのマ..."
41.0,23,21,5. ブラックミュージック・ジャンル論 ✊,青春のライブ＆喫茶ガイド,No Interaction,Rが6ヶ月先行,0.369527,0.777313,0.677434,1.0,"営業時間, 音楽番組, 新製品, ライブ・スポット・ガイド, 最新情報, ブラジル, am, 集計, 店内, 及川, 推薦, 公生, sa, coast, ニュース",23.0,21.0,"(1) [Th: 96.6%] [ADLIB 1980/7] あの店この店 ミニ・ガイド ●クルーゾ 今月のあの店この店ミニ・ガイド...
(2) [Th: 96.2%] [ADLIB 1978/10] OUR SOUL SPOT クロスオーバーの新譜が一番早いと評判のポニ...
(3) [Th: 95.4%] [ADLIB 1979/4] ●エリゼッチ サンバの波が押しよせる中,昨年12月にオープンした。『珈...
(4) [Th: 95.3%] [ADLIB 1980/11] 話題・情報・紹介 世界のニュース -59 全国コンサート&ライブ・スポ...
(5) [Th: 95.3%] [ADLIB 1977/10] ●クロスオーバー専門新聞を読もう! 前号(16号)で紹介した。すすんで...
(6) [Th: 95.2%] [ADLIB 1980/12] 話題・情報・紹介 - 世界のニュース――59 - 全国コンサート&ライ...
(7) [Th: 95.2%] [ADLIB 1980/5] ●気まぐれ亭 今回紹介するのは、京都は左京区にある気まぐれ亭。店内の色...
(8) [Th: 94.9%] [ADLIB 1980/10] 話題・情報・紹介 世界のニュース -61 全国コンサート&ライブ・スポ..."
42.0,23,22,7. 来日ミュージシャン・人間探訪 🇯🇵,ファンが作る、熱狂の音楽誌,Bottom-Up (R→E),Eが1ヶ月先行,-0.485074,0.153368,0.00190516,1.0,"野口, ショー, 武道館, アルト, 吹く, まいる, 日野, 先生, 去年, ステージ, ライブ・ハウス, 新田, こっち, とれる, ホーン",23.0,22.0,"(1) [Th: 97.4%] [ADLIB 1981/5] ...さんの意見を聞かせて下さい。 [個人情報]
(2) [Th: 97.4%] [ADLIB 1981/5] ...さんの意見を聞かせて下さい。 [個人情報]
(3) [Th: 97.4%] [ADLIB 1980/3] アメリカ23日間シッチャカメッチャカ見て歩きレポート Vol.1 笠木...
(4) [Th: 96.5%] [ADLIB 1981/11] ...もよろしいんじゃないですか? [個人情報] [個人情報]
(5) [Th: 91.7%] [ADLIB 1981/9] ...ト!バイト!!!バイト!!! [個人情報]
(6) [Th: 91.5%] [ADLIB 1981/5] ...、僕にしてはいい先生でした。 [個人情報] [個人情報]
(7) [Th: 91.5%] [ADLIB 1981/5] ...、僕にしてはいい先生でした。 [個人情報] [個人情報]
(8) [Th: 90.6%] [ADLIB 1977/7] ●来日したスピナーズの野球好き(35頁の秘密情報に紹介)には驚いてしま..."
43.0,23,23,5. ブラックミュージック・ジャンル論 ✊,雑誌が仕掛けるソウル・ディスコ旋風,Top-Down (E→R),同時/なし,-0.543516,1.2e-05,0.0675349,11.0,"ファイアー, アース・ウインド, 協会, 地区, ソウル・トレイン, 主催, ソウル・ディスコ, 開く, ソウル・ダンス, ディスコ, dj, 最優秀, 開催, 出場, 全国",23.0,23.0,"(1) [Th: 97.5%] [ADLIB 1976/10] アース、ウインド＆ファイアー最新リポート ニューヨークの中に、マンハッ...
(2) [Th: 97.2%] [ADLIB 1978/4] ●アース・ウインド&ファイアー・コンサート・レポート ●森下彰夫 ● ...
(3) [Th: 93.8%] [ADLIB 1977/4] ●去る2月4日,六本木のエンパシーでワーナー・パイオニア主催の「ダンス...
(4) [Th: 93.1%] [ADLIB 1977/1] - 去る9月21日,新宿のビッグ・トゥゲザーで全国ラテン・ハッスル・コ...
(5) [Th: 92.6%] [ADLIB 1978/4] ●ラジオ関西で放送中の「ソウル・パーティー」を聴いてみよう！！！ ラジ...
(6) [Th: 92.3%] [ADLIB 1978/4] ●ラジオ関西で放送中の「ソウル・パーティー」を聴いてみよう!!! ラジ...
(7) [Th: 91.9%] [ADLIB 1977/4] ●14号でもレポートしたように、ニューヨークで行なわれたディスコ会議は...
(8) [Th: 91.8%] [ADLIB 1977/7] - マンハッタン・シアター、オープン 一段落したディスコティック界に去..."
44.0,25,1,1. 読者コミュニティ・流通 (売買/募集/ペンパル) 🤝,FMフュージョン交換室,No Interaction,Eが4ヶ月先行,0.337919,0.332342,0.867231,1.0,"譲る, ダビング, ラリー・カールトン, リー・リトナー, クルセイダーズ, nhk, まま, ブラインドフォールドテスト, テープ, 往復, ラリー, fm東京, 放送, 送料, 売却",25.0,1.0,"(1) [Th: 94.7%] [ADLIB 1981/5] ...ます。とにかく連絡を下さい。 [個人情報] [個人情報]
(2) [Th: 93.5%] [ADLIB 1981/11] ...¥18,000で。送料当方で [個人情報]
(3) [Th: 93.0%] [ADLIB 1981/10] ...必ずお礼させていただきます。 [個人情報]
(4) [Th: 92.3%] [ADLIB 1981/4] ...で。できるかぎりお礼します。 [個人情報]
(5) [Th: 92.1%] [ADLIB 1981/11] ...復ハガキで連絡してください。 [個人情報]
(6) [Th: 91.7%] [ADLIB 1978/7] Crossover Drum Special ドラム・テクニック分析 ...
(7) [Th: 91.2%] [ADLIB 1981/8] ...いします。ハガキ待ってます。 [個人情報]
(8) [Th: 90.9%] [ADLIB 1981/11] ...キにて即一報お願い致します。 [個人情報]"
45.0,25,2,4. 雑誌編集・ファン心理・特典グッズ 🎁,読んで、買って、アドリブ！,No Interaction,同時/なし,-0.111587,0.757707,0.564481,1.0,"記事, 読む, 買う, アドリブ, 本屋, 載る, 載せる, ほしい, 雑誌, ページ, 内容, のせる, 絶対, 毎号, よい",25.0,2.0,"(1) [Th: 93.9%] [ADLIB 1982/1] ...んも買ってみてはどうですか？ [個人情報]
(2) [Th: 93.7%] [ADLIB 1981/5] ...ペンネームでお願いします。) [個人情報] 哀愁の真子・デ・ルシア(16歳)
(3) [Th: 93.7%] [ADLIB 1981/5] ...ペンネームでお願いします。) [個人情報] 哀愁の真子・デ・ルシア(16歳)
(4) [Th: 93.6%] [ADLIB 1980/4] ...て内容の充実をお続け下さい。 [個人情報]
(5) [Th: 92.9%] [ADLIB 1980/5] ...13-3西麻布職員寮507号 [個人情報]
(6) [Th: 92.3%] [ADLIB 1980/4] ...リブ・スタッフ・ガンバレヤ! [個人情報]
(7) [Th: 92.1%] [ADLIB 1980/9] ...雨がふろうとも俺はまけない！ [個人情報]
(8) [Th: 91.4%] [ADLIB 1980/3] ...くしてもらえないでしょうか? [個人情報]"
46.0,25,3,7. 来日ミュージシャン・人間探訪 🇯🇵,世界の音楽人と日本人,No Interaction,Eが9ヶ月先行,0.409441,0.94902,0.512961,1.0,"パーソン, 二人, 通訳, 会う, keiko, 慶子, 肥田, ポール・サイモン, シーウィンド, 遊び, ハワイ, 食べる, ジョージ, アメリカ人, 述べる",25.0,3.0,"(1) [Th: 98.3%] [ADLIB 1980/9] KEIKOのパーソンtoパーソン ●4●リタ・クーリッジの巻 私がリタ...
(2) [Th: 98.1%] [ADLIB 1980/8] KEIKOのパーソンtoパーソン ●3●ハーブ・アルパートの巻 すいこ...
(3) [Th: 98.0%] [ADLIB 1981/9] KEIKOのパーソンtoパーソン ●16●ジェリー・ヘイの巻 今や、L...
(4) [Th: 97.9%] [ADLIB 1981/4] KEIKOのパーソンtoパーソン ●11 ニール・ラーセン/バジー・フ...
(5) [Th: 97.9%] [ADLIB 1980/6] ★僕のN.Y.なんでも見聞記★ ●スティーブ・ガッドやリチャード・ティ...
(6) [Th: 97.8%] [ADLIB 1981/5] KEIKOのパーソンtoパーソン ●12●シーウィンドの巻 シーウィン...
(7) [Th: 97.8%] [ADLIB 1981/11] KEIKOのパーソンtoパーソン ●18●ジョージ・ハリソンの巻 あま...
(8) [Th: 97.7%] [ADLIB 1981/10] ★僕のN.Y.なんでも見聞記★ ●ミュージシャンとの人間的な触れ合いっ..."
47.0,25,4,7. 来日ミュージシャン・人間探訪 🇯🇵,編集部が誘う！洋楽熱の鼓動,Top-Down (E→R),Eが8ヶ月先行,0.604624,0.0428467,0.0688282,1.0,"out, バイバイ。, ランディ, heartbeat, ii, it, 新人, 幸せ, 身近, ノエル・ポインター, 中古レコード, 一生懸命, 経営, 兄弟, バイオリン",25.0,4.0,"(1) [Th: 97.6%] [ADLIB 1978/7] ●ラスベガスのダイアナ・ロス見聞記● 4月22日、深夜ラスベガス、シー...
(2) [Th: 97.3%] [ADLIB 1980/9] ★僕のN.Y.なんでも見聞記★ ●マイケル・ブレッカーは新人発掘の名人...
(3) [Th: 96.8%] [ADLIB 1981/1] ★僕のN.Y.なんでも見聞記★ ●ニューヨーカーのたまり場 今月はNY...
(4) [Th: 96.4%] [ADLIB 1978/4] ●アスペクト・イン・クロスオーバーからのお知らせ みなさんお元気ですか...
(5) [Th: 96.4%] [ADLIB 1978/4] ●アスペクト・イン・クロスオーバーからのお知らせ みなさんお元気ですか...
(6) [Th: 95.9%] [ADLIB 1980/11] ●AOR旋風はディスコまで 今年の初めから春にかけての日本のディスコは...
(7) [Th: 94.2%] [ADLIB 1981/12] ●あのMedia Soundを見学できた！ アメリカはNew York...
(8) [Th: 91.9%] [ADLIB 1982/1] ●タッチ・レスポンスで差をつけよう！ YAMAHA ELECTORON..."
48.0,25,5,3. 奏法・技術・オーディオ・機材 🎧,読者の情熱が創る！ソウル＆オーディオ,Bottom-Up (R→E),Rが8ヶ月先行,-0.569733,0.3426,0.0339062,1.0,"スティービー, audio, 試聴, カセット・デッキ, グラディス・ナイト, パイオニア, メロウ, sansui, ザ・ピップス, プリメイン・アンプ, 新婚, テクニクス, ソフト, special, マービン",25.0,5.0,"(1) [Th: 95.0%] [ADLIB 1981/5] ...によっては可愛いと思います。 [個人情報]
(2) [Th: 95.0%] [ADLIB 1981/5] ...によっては可愛いと思います。 [個人情報]
(3) [Th: 92.1%] [ADLIB 1980/9] 音楽とは・・ 9月に東京、京都で3回に渡り、パーカッションのソロ・コン...
(4) [Th: 91.6%] [ADLIB 1979/10] 発見・再発見の楽しさ - クロスオーバー界楽器別展望 (鈴木ひとみ) ...
(5) [Th: 90.6%] [ADLIB 1980/5] AUDIO SPECIAL - 人気ミュージシャンが自分の「新作」で「...
(6) [Th: 90.2%] [ADLIB 1980/4] AUDIO SPECIAL - 人気ミュージシャンが自分の「新作」で「...
(7) [Th: 89.9%] [ADLIB 1980/3] AUDIO SPECIAL 人気ミュージシャンが自分の「新作」で「噂の...
(8) [Th: 89.5%] [ADLIB 1977/4] ●本号の「ソウル・イン・ジャパン」でお届けしたように、昨年暮から今春に..."
49.0,25,6,4. 雑誌編集・ファン心理・特典グッズ 🎁,ソウル・ファンクラブ便り,No Interaction,Eが4ヶ月先行,0.43927,0.177731,0.141385,1.0,"ファン・クラブ, 入会, 切手, 発足, スリー・ディグリーズ, 下記, 住所, 同封, 会員, ジャクソン・ファイブ, テンプテーションズ, シスター, 申し込む, タバレス, 苦情",25.0,6.0,"(1) [Th: 96.2%] [ADLIB 1976/7] ...の宛先までお申し込み下さい。 [個人情報] ビクター音楽産業内ハウス・オブ・テンプテーションズ係。
(2) [Th: 95.8%] [ADLIB 1976/7] ...の入会方法も教えてください。 [個人情報] ○まずファン・レターの宛先ですが、H&L Record C...
(3) [Th: 94.3%] [ADLIB 1975/7] アドリブ読者の広場 ●ご意見,提案,苦情,質問,珍問。うれしかったこと...
(4) [Th: 94.3%] [ADLIB 1976/7] ...0円切手同封のうえ、〒100 [個人情報] ソウル愛好会""G.D.Soul""係まで。なお会費は百円です...
(5) [Th: 94.1%] [ADLIB 1974/7] アドリブ読者の広場 ●今号初登場のページですので、創刊号から第3号まで...
(6) [Th: 94.1%] [ADLIB 1976/4] アドリブ読者の広場 ●ご意見,提案,苦情,質問,珍問。うれしかったこと...
(7) [Th: 94.1%] [ADLIB 1976/7] アドリブ読者の広場 ●ご意見,提案,苦情,質問,珍問。うれしかったこと...
(8) [Th: 93.9%] [ADLIB 1976/1] K.C.&サンシャイン・バンドのファン・クラブ誕生 このほどK.C.&..."
50.0,25,7,6. 映像・メディア連動 (映画/CM/TV) 📺,読者の声！サントラ音響追求,Bottom-Up (R→E),Eが2ヶ月先行,-0.561802,0.610027,0.00448487,1.0,"画面, 監督, 映画, cinema, オーティス, ルーツ, you, 歌う, 主演, シーン, 主題歌, 公開, 流れる, 作曲, 脚本",25.0,7.0,"(1) [Th: 97.8%] [ADLIB 1981/12] CINEMA 画面ばかりじゃない。ほら映画の中にはいい音楽もあるんだ。...
(2) [Th: 97.7%] [ADLIB 1980/3] アメリカ23日間シッチャカメッチャカ見て歩きレポート Vol.1 笠木...
(3) [Th: 97.6%] [ADLIB 1980/12] CINEMA 画面ばかりじゃない。ほら映画の中にはいい音楽もあるんだ。...
(4) [Th: 97.4%] [ADLIB 1981/5] CINEMA 画面ばかりじゃない。 ほら映画の中にはいい音楽もあるんだ...
(5) [Th: 97.2%] [ADLIB 1980/8] CINEMA 画面ばかりじゃない。 ほら映画の中にはいい音楽もあるんだ...
(6) [Th: 97.1%] [ADLIB 1981/8] CINEMA 画面ばかりじゃない。ほら映画の中にはいい音楽もあるんだ。...
(7) [Th: 97.1%] [ADLIB 1981/10] CINEMA 画面ばかりじゃない。 ほら映画の中にはいい音楽もあるんだ...
(8) [Th: 96.9%] [ADLIB 1981/5] CINEMA [個人情報] [個人情報] ●「ジャズ・シンガー」 これが3度目の映画化..."
51.0,25,8,7. 来日ミュージシャン・人間探訪 🇯🇵,編集部が導く音のフロンティア,Top-Down (E→R),Eが8ヶ月先行,-0.600316,0.0371273,0.389799,1.0,"奏者, 自ら, ギタリスト, world, ストーリー, around, 解説, from, 山岸潤史, bcm, リポート, voice, サックス, the, キーボード",25.0,8.0,"(1) [Th: 96.3%] [ADLIB 1981/4] インタビュー/リポート/ストーリー FROM AROUND THE W...
(2) [Th: 96.1%] [ADLIB 1981/1] インタビュー/リポート/ストーリー FROM AROUND THE W...
(3) [Th: 95.3%] [ADLIB 1981/9] インタビュー/リポート/ストーリー FROM AROUND THE W...
(4) [Th: 95.2%] [ADLIB 1981/10] インタビュー／リポート／ストーリー FROM AROUND THE W...
(5) [Th: 95.1%] [ADLIB 1980/7] インタビュー/リポート/ストーリー FROM AROUND THE W...
(6) [Th: 95.0%] [ADLIB 1980/8] インタビュー/リポート/ストーリー FROM AROUND THE W...
(7) [Th: 94.6%] [ADLIB 1980/9] インタビュー/リポート/ストーリー FROM AROUND THE W...
(8) [Th: 94.1%] [ADLIB 1981/8] インタビュー/リポート/ストーリー FROM AROUND THE W..."
52.0,25,9,1. 読者コミュニティ・流通 (売買/募集/ペンパル) 🤝,バンドメンバー・仲間募集,No Interaction,Eが2ヶ月先行,-0.352832,0.616566,0.0970958,1.0,"メンバー募集, 募集, 練習, 当方, プロ, ペンパル, ドラムス, フレンド, 指向, 男女, 求む, 問う, やる気, テク, ベース",25.0,9.0,"(1) [Th: 98.7%] [ADLIB 1981/4] [個人情報] 音楽が大好きで、プレイすることがなにより好きな音楽仲間が集...
(2) [Th: 98.7%] [ADLIB 1981/9] [個人情報] ●音楽が大好きで、プレイすることがなにより好きな音楽仲間が...
(3) [Th: 98.1%] [ADLIB 1981/6] [個人情報] ●音楽が大好きで、プレイすることがなにより好きな音楽仲間が...
(4) [Th: 97.5%] [ADLIB 1981/5] [個人情報] ●音楽が大好きで、プレイすることがなにより好きな音楽仲間が...
(5) [Th: 95.9%] [ADLIB 1981/5] ...仕事、コンサートの予定あり。 [個人情報] [電話番号] [個人情報]
(6) [Th: 95.7%] [ADLIB 1980/7] ...いらっしゃったら連絡下さい。 [個人情報]
(7) [Th: 95.7%] [ADLIB 1981/2] ...各セクションを求めています。 [個人情報]
(8) [Th: 95.6%] [ADLIB 1980/3] ...高一。近くの人はすぐ連絡を。 [個人情報] [電話番号]（7:00p.m.～9:00p.m.） [個人..."
53.0,25,10,2. ライブ・イベント・コンサート情報 🏟️,新潮流フュージョンの熱演,No Interaction,Rが2ヶ月先行,-0.40035,0.129614,0.365882,2.0,"アンコール, ソロ, ノリ, 終わる, 野呂, 拍手, 会場, 迫力, 手拍子, 弾く, 向井, まくる, 途中, 当る, 観客",25.0,10.0,"(1) [Th: 97.2%] [ADLIB 1981/5] ...御卒業おめでとうございます。 [個人情報] [個人情報]
(2) [Th: 97.2%] [ADLIB 1981/3] ...黒い車で走り去ってしまった。 [個人情報]
(3) [Th: 97.0%] [ADLIB 1981/7] ...が作ったライブ！もう最高だ！ [個人情報]
(4) [Th: 96.7%] [ADLIB 1981/9] ...ープ――今度はぜひ郡山へ。」 [個人情報]
(5) [Th: 96.2%] [ADLIB 1981/5] ...んがひときわ目立ってました。 [個人情報] [個人情報]
(6) [Th: 96.0%] [ADLIB 1981/12] ...のすごさに改めて驚きました。 [個人情報] [個人情報]
(7) [Th: 95.9%] [ADLIB 1980/8] ...い出に残るコンサートでした。 [個人情報]
(8) [Th: 95.9%] [ADLIB 1980/0] ...リーとおどりたかったよー！！ [個人情報]"
54.0,25,11,2. ライブ・イベント・コンサート情報 🏟️,あなたの声でJAZZ名演へ,Bottom-Up (R→E),Rが1ヶ月先行,0.485997,0.113424,0.0299744,12.0,"招待, 渡辺香津美, 必着, 渡辺, kylyn, 神崎, オン・ザ・ロード, 東京公演, 明記, 〆切, 増尾好秋, コーティンザクション, 日野皓正, ka, 応募",25.0,11.0,"(1) [Th: 93.8%] [ADLIB 1981/6] ●コンサート招待 ウェザー・リポートのコンサートにご招待 昨年にひき続...
(2) [Th: 93.7%] [ADLIB 1981/4] ●シーウインドのコンサートにご招待 3月に待望の来日を果すシーウインド...
(3) [Th: 93.7%] [ADLIB 1981/6] ●ライブ・コンサート ORANGE EXPRESS 渡辺貞夫ツアーにご...
(4) [Th: 92.8%] [ADLIB 1980/7] ●ライブ・アンダー・ザ・スカイ’80のコンサートにご招待 今年もまた素...
(5) [Th: 92.2%] [ADLIB 1980/11] ●日野皓正のコンサートにご招待 ニューヨーカーを引きつれて帰国、11月...
(6) [Th: 92.1%] [ADLIB 1981/7] ●フューズ・ワンのコンサートにご招待 スティーブ・カーン、ウィル・リー...
(7) [Th: 91.6%] [ADLIB 1981/4] ●スタッフのコンサートにご招待 昨年にひきつづき来日するスタッフのコン...
(8) [Th: 91.2%] [ADLIB 1981/5] ●ザ・スタイリスティックスのコンサートにご招待 美しいファルセットとハ..."
55.0,25,12,7. 来日ミュージシャン・人間探訪 🇯🇵,来日スター、サイン色紙に歓喜！,No Interaction,Rが8ヶ月先行,-0.514692,0.492834,0.375099,1.0,"松永, サイン, スティーブ, photo, cover, 自筆, スティーブ・ガッド, steve, george, クインシー, friend, 届く, 荒木, 後記, ship",25.0,12.0,"(1) [Th: 95.1%] [ADLIB 1977/7] 1977 Summer No.16 Editor = 安藤和正 松下佳...
(2) [Th: 95.0%] [ADLIB 1980/8] ●スティーブ・ガットの一日編集長ぶりは? 今月号の大目玉企画STEVE...
(3) [Th: 94.3%] [ADLIB 1977/10] 1977 Autumn No.17 Editor=安藤和正 松下佳男 ...
(4) [Th: 94.2%] [ADLIB 1980/4] ●スパークリング・カクテルの作り方 ボブ・ジェームス作のキャンペーン・...
(5) [Th: 92.4%] [ADLIB 1978/4] Cover Design=山口至剛 Editor=安藤和正 松下佳男 ...
(6) [Th: 91.6%] [ADLIB 1980/6] - Editor: 安藤和正, 松下佳男, 松永記代美, 高橋寛 - ...
(7) [Th: 91.4%] [ADLIB 1974/10] ADLIB Editer = 児山紀芳 安藤和正 藤本雄三 松下佳男 ...
(8) [Th: 90.1%] [ADLIB 1981/9] ●ステップスのサインは家宝もの ナ、ナ、ナント、ステップスの実筆サイン..."
56.0,25,13,3. 奏法・技術・オーディオ・機材 🎧,70-80年代音楽誌：新譜と機材の熱気,No Interaction,Rが9ヶ月先行,0.481227,0.103149,0.388005,1.0,"売る, 本号, 新品, 千円, 同様, 安藤, ケース, 企画, 今年, 次号, いかが, 特別企画, 購入, 勉強会, 楽器",25.0,13.0,"(1) [Th: 91.2%] [ADLIB 1977/1] ● いろいろ不備なところもあるかと思いますが本号をもって、やっと「'7...
(2) [Th: 89.1%] [ADLIB 1980/0] 編集後記 ●一年一度の特別企画として第4回目になる本誌選出の『'79ベ...
(3) [Th: 88.0%] [ADLIB 1980/5] ●春うららの5月号をお届けいたします。発行日変更による編集作業のドサク...
(4) [Th: 87.9%] [ADLIB 1981/4] ●いろいろな音楽ジャンルにクロスオーバーしているギタリスト/プロデュー...
(5) [Th: 87.1%] [ADLIB 1981/12] ●秋がアッという間に過ぎ去り、年末のあわただしさに突入って感じの毎日が...
(6) [Th: 86.2%] [ADLIB 1980/4] ●月刊化第1号となった前号 (3月号) に寄せられた皆様方からの反響は...
(7) [Th: 85.8%] [ADLIB 1982/1] ★本誌選出 '81年度の最高作品 '81アドリブ・ベスト・レコード発表...
(8) [Th: 85.2%] [ADLIB 1981/6] ●ヒノテルこと日野皓正が2回目の本誌表紙を飾った6月号をお届けします。..."
57.0,25,14,4. 雑誌編集・ファン心理・特典グッズ 🎁,音楽雑誌の付録・限定グッズ,No Interaction,同時/なし,0.458144,0.483682,0.238328,2.0,"ステッカー, プレゼント, 製作, 特別, badge, 記念, 特大, シャツ, カラー・ポスター, ポスター, サイズ, 制作, 付録, カレンダ, 日本コロムビア",25.0,14.0,"(1) [Th: 95.0%] [ADLIB 1981/11] ●ボブ・シーガーのバッヂ 大人のシブイ魅力のロックン・ローラー=ボブ・...
(2) [Th: 93.7%] [ADLIB 1981/5] ●YMOの赤い腕章 2度目のワールド・ツアー以後、異常なまでの話題を呼...
(3) [Th: 93.6%] [ADLIB 1981/6] ●ルーファスのポスター センス抜群のサウンドが魅力のルーファス。彼らの...
(4) [Th: 93.5%] [ADLIB 1981/12] ●スクエアのポスター 「ロックーン」より約1年半ぶりの新作「マジック」...
(5) [Th: 93.5%] [ADLIB 1981/6] ●ビリー＆ビーターズのバッヂ 東京音楽祭で金賞に輝いたビリー＆ビーター...
(6) [Th: 93.3%] [ADLIB 1981/3] ●矢野顕子の大型マッチ TVコマーシャルでも流れている、矢野アッコちゃ...
(7) [Th: 92.8%] [ADLIB 1980/3] シェールのポスター アルバム発売ごとにH度を増して、世の男性諸君を喜ば...
(8) [Th: 92.7%] [ADLIB 1981/1] ●YMOの音の鳴るバッヂ で、でましたYMOバッチ!これもYMOのワー..."
58.0,25,15,5. ブラックミュージック・ジャンル論 ✊,読者の音楽相談室：新旧ソウル探訪,Co-evolution (E↔R),Rが3ヶ月先行,-0.557596,0.000530831,9.04e-05,2.0,"new, best, music, black, sounds, in, contents, コンテンポラリー, of, focus, roots, 見どころ, 名盤, ブルース, ザ・ギャング",25.0,15.0,"(1) [Th: 95.0%] [ADLIB 1975/7] レディ・ソウル入門実践教室山口弘滋 - 美人のレディ・ソウルが楽しみた...
(2) [Th: 94.8%] [ADLIB 1975/7] ...は、どんな受賞者がいますか。 [個人情報] 1958年にスタートしたグラミー賞ですが、年毎に受賞部門が...
(3) [Th: 94.4%] [ADLIB 1974/1] NEW SOUNDS GROUP '74 (最も期待されるグループ・完...
(4) [Th: 93.0%] [ADLIB 1975/1] GUIDE to SOUL & IT'S RECORDS ソウル入門実...
(5) [Th: 92.1%] [ADLIB 1981/4] 僕のN.Y.なんでも見聞記 ●N.Y.の音楽ガイド 今回はリラックスし...
(6) [Th: 91.6%] [ADLIB 1974/1] SPECIAL PHOTOGRAPH (P.20) - カーティス・メ...
(7) [Th: 89.3%] [ADLIB 1974/1] SWING JOURNAL QUARTERLY FOR NEW GEN...
(8) [Th: 88.7%] [ADLIB 1975/4] アドリブ選定ベスト・レコード 〔75年1月+2月+3月新譜〕 SOUL..."
59.0,25,16,3. 奏法・技術・オーディオ・機材 🎧,クロスオーバー名手の音と技,No Interaction,Rが5ヶ月先行,-0.296326,0.907609,0.35235,1.0,"リック, たたく, クン, spinoza, 五郎, リック・マロッタ, 雑魚, stuff, サンボーン, 出来る, トニー・レビン, ベース, 在籍, バス, 聴ける",25.0,16.0,"(1) [Th: 98.8%] [ADLIB 1981/3] 野口五郎のクロスオーバーアンテナ ●オーディオって自分の大好きな“味”...
(2) [Th: 98.7%] [ADLIB 1980/6] 野口五郎のクロスオーバーアンテナ ●サンボーンも、スピノザも、みんなみ...
(3) [Th: 98.5%] [ADLIB 1980/9] 野口五郎のクロスオーバーアンテナ ●何よりもさりげない自然さがよかった...
(4) [Th: 98.4%] [ADLIB 1982/1] 野口五郎のクロスオーバー・アンテナ ●“感性”のドラマー、わが愛するリ...
(5) [Th: 98.0%] [ADLIB 1980/4] アメリカX日間シッチャカメッチャカ見て歩きレポート・VOL.2 笠木修...
(6) [Th: 97.1%] [ADLIB 1980/5] 野口五郎のクロスオーバーアンテナ ●あの“イエーとかワーとか言っている...
(7) [Th: 96.7%] [ADLIB 1982/1] ●サウンドの縁の下の力持ち、ベース。だからアンプにも気を使う！ Guy...
(8) [Th: 95.0%] [ADLIB 1979/10] ...しいと思っているんですがね。 [個人情報]"
60.0,25,17,5. ブラックミュージック・ジャンル論 ✊,70-80sジャズ・フュージョンの水先案内人,No Interaction,Rが11ヶ月先行,0.490615,0.117244,0.566405,1.0,"紺野, 水野さちこ, 吹田, 靖治, 吉成, 鈴木道子, 岩浪洋三, 一雄, 江原, 湯川れい子, 青木啓, 岡崎, 正通, 平山雄一, 吉岡正晴",25.0,17.0,"(1) [Th: 97.8%] [ADLIB 1976/1] 4 VIEWS ON NEW SOUND RECORDS メロー・マッ...
(2) [Th: 97.1%] [ADLIB 1977/7] 第16号担当者(ABC順・敬称略) = 穴沢よしえ、青木啓、江原一雄、...
(3) [Th: 96.9%] [ADLIB 1980/6] 新譜レコード＆テープ・ガイド 新譜レコード紹介 - 担当者(ABC順・...
(4) [Th: 96.8%] [ADLIB 1980/8] 新譜レコード&テープ・ガイド 新譜レコード紹介 ●担当者（ABC順・敬...
(5) [Th: 96.7%] [ADLIB 1980/7] 新譜レコード&テープ・ガイド 新譜レコード紹介 担当者(ABC順・敬称...
(6) [Th: 96.7%] [ADLIB 1978/7] 第20号担当者 (ABC順・敬称略) = 青木 啓, 江原一雄, 糸居...
(7) [Th: 96.7%] [ADLIB 1978/10] 第21号担当者（ABC順・敬称略）=青木 啓, 江原一雄, 糸居五郎,...
(8) [Th: 96.6%] [ADLIB 1980/9] 新譜レコード＆テープ・ガイド 新譜レコード紹介 -14 ●担当者(AB..."
61.0,25,18,5. ブラックミュージック・ジャンル論 ✊,レーベル激動とヒットの時代,No Interaction,Eが11ヶ月先行,-0.473344,0.234062,0.315038,2.0,"cti, wp, 輸入盤, epic, アルファ, チャート, ワーナー・パイオニア, gp, 移籍, オフ・ザ・ウォール, vc, ポリドール, cbsソニー, 契約, ビリー・ジョエル",25.0,18.0,"(1) [Th: 98.9%] [ADLIB 1980/7] 日米只今ビッグ・ヒット中 アルバム／シングル全調査 いまアメリカと日本...
(2) [Th: 98.1%] [ADLIB 1980/6] 日米只今ビッグ・ヒット中アルバム/シングル全調査 ●いまアメリカと日本...
(3) [Th: 97.4%] [ADLIB 1980/3] 全国有名輸入盤店の中から、今回は東京渋谷にあるフルハウスと原宿にあるメ...
(4) [Th: 96.3%] [ADLIB 1976/10] ...近況とあわせて教えて下さい。 [個人情報] ○シャイ・ライツといえば、「オー・ガール」や「ロンリー・マ...
(5) [Th: 96.2%] [ADLIB 1980/6] 全国有名輸入盤店 ベスト・セラーズ 全国有名輸入盤店の中から、今月は大...
(6) [Th: 96.1%] [ADLIB 1979/4] ...とDrumsは誰でしょうか? [個人情報] ○おたずねのレコード、確かにレコーディング・データが一切不...
(7) [Th: 95.9%] [ADLIB 1980/7] 全国有名輸入盤店 ベスト・セラーズ 全国有名輸入盤店の中から、今月は東...
(8) [Th: 95.8%] [ADLIB 1980/4] 全国有名輸入盤店ベスト・セラーズ 全国有名輸入盤店の中から、今月は東京..."
62.0,25,19,2. ライブ・イベント・コンサート情報 🏟️,全国ホール公演情報,No Interaction,同時/なし,-0.03209,0.808877,0.16518,1.0,"市民, 東京, 会館, 午後, キョードー東京, フェスティバルホール, 中野サンプラザ, 厚生年金会館, 横浜, 県民, 問い合わせ, ホール, 名古屋, 中野サンプラザホール, 問い合せる",25.0,19.0,"(1) [Th: 97.9%] [ADLIB 1977/1] ★ソフトーンズ 1月18日（火）東京 中野サンプラザ 1月19日（水）...
(2) [Th: 97.9%] [ADLIB 1978/10] ●ハービー・ハンコック ハービー・ハンコックがニュー・グループを率いて...
(3) [Th: 97.9%] [ADLIB 1976/7] ★スリー・ディグリーズ - 6月17日(木)静岡 駿府会館 - 6月1...
(4) [Th: 97.9%] [ADLIB 1978/1] ★ソフトーンズ ソフトでメロウな3人組ソフトーンズが3度目の来日をし、...
(5) [Th: 97.2%] [ADLIB 1978/1] ★スタイリスティックス 毎年の恒例となった年始のスタイリスティックス公...
(6) [Th: 97.1%] [ADLIB 1979/1] ●スタイリスティックス 毎年お正月に来日するのが恒例になったスタイリス...
(7) [Th: 97.1%] [ADLIB 1977/10] ★メイナード・ファーガソン 全米ナンバー・ワンの〈ロッキーのテーマ〉を...
(8) [Th: 97.1%] [ADLIB 1977/1] ★スタイリスティックス 1月6日（木）東京 渋谷公会堂 1月7日（金）..."
63.0,25,20,5. ブラックミュージック・ジャンル論 ✊,読者と創るブラック・ミュージック,Co-evolution (E↔R),同時/なし,0.583795,0.00104943,0.0109415,9.0,"ファンク, マイルス, 黒人, モダン・ジャズ, ジャンル, ブラック・ミュージック, ブラック・ファンク, 創刊号, 小生, ソウル・ミュージック, ポップス, ファンキー, 発展, とらえる, マイルス・デイビス",25.0,20.0,"(1) [Th: 97.8%] [ADLIB 1976/7] ●私論=日本のソウル界への警鐘 ソウル・ミュージックに愛着を持ってかな...
(2) [Th: 97.5%] [ADLIB 1973/10] 新しい形体の新しい雑誌を創刊する喜びと苦しみは、常に紙一重の背中合せで...
(3) [Th: 96.9%] [ADLIB 1974/10] ...ー、とは、どう違うのですか。 [個人情報] ○この質問にお答えする意味で、実は本特集が組まれているわけ...
(4) [Th: 96.6%] [ADLIB 1976/7] ...コ・サウンズはありえますか？ [個人情報] ○ウーン！まいったナ。こういう素朴というか、抽象的な質問に...
(5) [Th: 96.3%] [ADLIB 1976/1] 公民権運動の偉大な黒人指導者だったマーチン・ルーサー・キング牧師が、ノ...
(6) [Th: 96.2%] [ADLIB 1975/1] ...らは進歩と発展はうまれない。 [個人情報]
(7) [Th: 96.1%] [ADLIB 1973/10] なにかを感じたい人のための感じるマイルス アドリブ座談会 - いまのマ...
(8) [Th: 96.1%] [ADLIB 1974/10] ●カケダシ釣人が銀鱗に舞う若鮎（アユ）を求めて新緑の渓谷にトブ釣りを楽..."
64.0,25,21,5. ブラックミュージック・ジャンル論 ✊,読者と創る！流行音楽スポット,Bottom-Up (R→E),Eが3ヶ月先行,0.55572,0.414072,0.0492103,1.0,"営業時間, 音楽番組, 新製品, 最新情報, ディスコ・サウンド, 集計, ブラジル, sa, 推薦, 公生, サルサ, coast, 店内, 調査, 及川",25.0,21.0,"(1) [Th: 96.8%] [ADLIB 1978/10] OUR SOUL SPOT クロスオーバーの新譜が一番早いと評判のポニ...
(2) [Th: 96.0%] [ADLIB 1979/1] ●ファンキー・ファンク いわゆるファンキー一色のディスコ。はやりのディ...
(3) [Th: 95.0%] [ADLIB 1977/10] ●クロスオーバー専門新聞を読もう! 前号(16号)で紹介した。すすんで...
(4) [Th: 94.8%] [ADLIB 1980/11] 話題・情報・紹介 世界のニュース -59 全国コンサート&ライブ・スポ...
(5) [Th: 94.6%] [ADLIB 1980/10] 話題・情報・紹介 世界のニュース -61 全国コンサート&ライブ・スポ...
(6) [Th: 94.6%] [ADLIB 1980/12] 話題・情報・紹介 - 世界のニュース――59 - 全国コンサート&ライ...
(7) [Th: 94.3%] [ADLIB 1981/1] 話題・情報・紹介 世界のニュース — 78 全国コンサート&ライブ・ス...
(8) [Th: 94.2%] [ADLIB 1976/10] RIGHT ON! AUDIO ソウル＆クロスオーバー・ファンのための..."
65.0,25,22,2. ライブ・イベント・コンサート情報 🏟️,バンドのリアルとファンの情熱,No Interaction,Eが5ヶ月先行,0.373929,0.574371,0.798246,1.0,"pa, 野口, boz, バイク, バラード, 会社, いける, サイコー, プラス, おしゃべり, あがる, ハーモニー, 理由, tv, でかい",25.0,22.0,"(1) [Th: 97.7%] [ADLIB 1981/5] ...さんの意見を聞かせて下さい。 [個人情報]
(2) [Th: 97.7%] [ADLIB 1981/5] ...さんの意見を聞かせて下さい。 [個人情報]
(3) [Th: 96.8%] [ADLIB 1981/11] ...もよろしいんじゃないですか? [個人情報] [個人情報]
(4) [Th: 95.9%] [ADLIB 1976/4] ...と舞台にあがっていきました。 [個人情報]
(5) [Th: 95.2%] [ADLIB 1981/3] ...の人も。⑤電池は新品ですぞ! [個人情報]
(6) [Th: 94.6%] [ADLIB 1980/12] ...持ちを何にたとえましょうか。 [個人情報]
(7) [Th: 92.2%] [ADLIB 1981/9] ●夏もド真中という感じで、汗まみれの毎日。こういう時はひたすら家の中に...
(8) [Th: 91.5%] [ADLIB 1981/1] ...らお便りします。では･･･。 [個人情報]"
66.0,25,23,2. ライブ・イベント・コンサート情報 🏟️,読者発！ソウル・ディスコ祭,Bottom-Up (R→E),同時/なし,-0.443179,0.145087,0.00755833,11.0,"ファイアー, アース・ウインド, 主催, 協会, ドナ・サマー, ディスコ, ソウル・ダンス, ew, dj, 開く, モーリス・ホワイト, ソウル・トレイン, コンテスト, 番組, 後援",25.0,23.0,"(1) [Th: 98.1%] [ADLIB 1976/10] アース、ウインド＆ファイアー最新リポート ニューヨークの中に、マンハッ...
(2) [Th: 97.8%] [ADLIB 1978/4] ●アース・ウインド&ファイアー・コンサート・レポート ●森下彰夫 ● ...
(3) [Th: 95.0%] [ADLIB 1977/1] - 去る9月21日,新宿のビッグ・トゥゲザーで全国ラテン・ハッスル・コ...
(4) [Th: 93.7%] [ADLIB 1977/4] ●去る2月4日,六本木のエンパシーでワーナー・パイオニア主催の「ダンス...
(5) [Th: 93.7%] [ADLIB 1977/4] ●14号でもレポートしたように、ニューヨークで行なわれたディスコ会議は...
(6) [Th: 93.5%] [ADLIB 1977/1] ●去る9月22日、新宿の「トゥモローUSA」でポリドール主催の「ディス...
(7) [Th: 93.3%] [ADLIB 1978/4] ●ラジオ関西で放送中の「ソウル・パーティー」を聴いてみよう！！！ ラジ...
(8) [Th: 93.0%] [ADLIB 1978/4] ●ラジオ関西で放送中の「ソウル・パーティー」を聴いてみよう!!! ラジ..."
67.0,25,24,3. 奏法・技術・オーディオ・機材 🎧,サウンド最前線：新譜とプロデュース,No Interaction,Eが11ヶ月先行,-0.698053,0.942689,0.296153,1.0,"アルバム, play!, ad, ビート, プロデュース, ts, サンボーン, 聴く, ジェイ・グレイドン, vo, コルトレーン, ボサノバ, ap, as, スティーリー・ダン",25.0,24.0,"(1) [Th: 98.6%] [ADLIB 1981/5] 野口五郎のクロスオーバーアンテナ ●16ビートのニオイがいっぱいのボサ...
(2) [Th: 98.5%] [ADLIB 1981/5] [個人情報] ●16ビートのニオイがいっぱいのボサノバってどうかな？ や...
(3) [Th: 98.2%] [ADLIB 1980/10] ハービー・メイソン AD 山木秀夫(ds)について直接心からのプレイが...
(4) [Th: 96.9%] [ADLIB 1981/10] 野口五郎のクロスオーバーアンテナ ●ボクにとっての“マイルスの第1作目...
(5) [Th: 96.9%] [ADLIB 1980/8] 野口五郎のクロスオーバーアンテナ ●腹7分目の心地よいサウンド ---...
(6) [Th: 95.8%] [ADLIB 1981/1] 野口五郎のクロスオーバーアンテナ ●この1年いろんなサウンドに熱中した...
(7) [Th: 95.5%] [ADLIB 1981/2] 僕★の愛★聴★盤 ●その11ウォーレン・バーンハートの巻 昔から愛聴し...
(8) [Th: 94.4%] [ADLIB 1980/9] 大野俊三ミニインタビュー ●ニューヨークで苦労していろんなことを学んだ..."
68.0,25,25,6. 映像・メディア連動 (映画/CM/TV) 📺,音楽雑誌が追う鍵盤進化論,No Interaction,Rが8ヶ月先行,0.634445,0.239061,0.975442,1.0,"昭和, 著者, 過去, 題す, ニュー・ミュージック, 発刊, 定価, 僕ら, カメラマン, イラストレーター, リポータ, 広告, 吉田, 将来, book",25.0,25.0,"(1) [Th: 96.8%] [ADLIB 1981/11] BOOK 「コピーライターの世界」 本号の特別企画“CMと僕らの音楽”...
(2) [Th: 96.7%] [ADLIB 1981/12] BOOK ●「draw up/吉田カツ」 イラストレーター、吉田カツ。...
(3) [Th: 95.2%] [ADLIB 1981/10] BOOK ●「地球はゴールデン・ライブ・ステージ」 FM東京の長寿人気...
(4) [Th: 93.0%] [ADLIB 1981/2] BOOK ●『吉田カツ・セクサス』 本誌11号のヴァン・マッコイ、スタ...
(5) [Th: 92.4%] [ADLIB 1978/10] ●「ぼくの肌は黒い―吉田ルイ子――」 本誌の「ソウル・トリップ・インU...
(6) [Th: 92.4%] [ADLIB 1981/3] ...!未来のトランペッターより。 [個人情報]
(7) [Th: 90.2%] [ADLIB 1981/8] BOOK ●「ニューヨークの読み方」 音楽のみならずファッションや映画...
(8) [Th: 89.1%] [ADLIB 1980/7] ●『JAZZ.LIVE 市川幸雄写真展』が開かれる プレイ中のミュージ..."
